id,platform,platform_type,url,content_type,timestamp,scraper_module,text,raw_text,scrape_date,tokens
1976179221262475270,twitter,post,https://x.com/ppthy_p/status/1976179221262475270,text,2025-10-09T06:53:36.000Z,selenium_x_scraper_v1,แล้วทำไมจะด่าไม่ได้ ผช.ไม่ได้ฉลาดทุกคน คนโง่ๆก็เช่น,แล้วทำไมจะด่าไม่ได้ ผช.ไม่ได้ฉลาดทุกคน คนโง่ๆก็เช่น,2025-10-23 17:59:34,"['แล้ว', 'ทำไม', 'จะ', 'ด่า', 'ไม่', 'ได้', ' ', 'ผช.', 'ไม่', 'ได้', 'ฉลาด', 'ทุกคน', ' ', 'คนโง่', 'ๆ', 'ก็', 'เช่น']"
1976187102200201405,twitter,post,https://x.com/ppthy_p/status/1976187102200201405,text,2025-10-09T07:24:55.000Z,selenium_x_scraper_v1,บ้าา พี่รับเองนะคะอันนี้ หนูไม่ได้พูดซักคำ,บ้าา พี่รับเองนะคะอันนี้ หนูไม่ได้พูดซักคำ,2025-10-23 17:59:34,"['บ้า', 'า', ' ', 'พี่', 'รับ', 'เอง', 'นะคะ', 'อันนี้', ' ', 'หนู', 'ไม่', 'ได้', 'พูด', 'ซัก', 'คำ']"
1976187957334688053,twitter,post,https://x.com/jxl0089x/status/1976187957334688053,text,2025-10-09T07:28:19.000Z,selenium_x_scraper_v1,ค้าบบๆ พี่รับเองๆ ,ค้าบบๆ พี่รับเองๆ ,2025-10-23 17:59:34,"['ค้าบ', 'บๆ', ' ', 'พี่', 'รับ', 'เอง', 'ๆ']"
1976150357609988323,twitter,post,https://x.com/MxLuciferia/status/1976150357609988323,text,2025-10-09T04:58:55.000Z,selenium_x_scraper_v1,ชายแท้มันไม่มองผู้ชายดี ๆ เป็นผู้ชายหรอก,ชายแท้มันไม่มองผู้ชายดี ๆ เป็นผู้ชายหรอก,2025-10-23 17:59:34,"['ชาย', 'แท้', 'มัน', 'ไม่', 'มอง', 'ผู้ชาย', 'ดี ๆ', ' ', 'เป็น', 'ผู้ชาย', 'หรอก']"
1976187747380625643,twitter,post,https://x.com/jxl0089x/status/1976187747380625643,text,2025-10-09T07:27:29.000Z,selenium_x_scraper_v1,ไม่มองเป็นผช มองเป็นแมวมั่ง,ไม่มองเป็นผช มองเป็นแมวมั่ง,2025-10-23 17:59:34,"['ไม่', 'มอง', 'เป็น', 'ผช', ' ', 'มอง', 'เป็น', 'แมว', 'มั่ง']"
1976184838899237289,twitter,post,https://x.com/fallenparx/status/1976184838899237289,text,2025-10-09T07:15:55.000Z,selenium_x_scraper_v1,ตัวตลกทวิตเต้อจิง,ตัวตลกทวิตเต้อจิง,2025-10-23 17:59:34,"['ตัวตลก', 'ทวิ', 'ตเต้อ', 'จิง']"
1976186221727732215,twitter,post,https://x.com/jxl0089x/status/1976186221727732215,text,2025-10-09T07:21:25.000Z,selenium_x_scraper_v1,ผมก็เองก็ยังฮ่าๆ ขำๆหน่ะคุณ อย่าซีเรียส,ผมก็เองก็ยังฮ่าๆ ขำๆหน่ะคุณ อย่าซีเรียส,2025-10-23 17:59:34,"['ผม', 'ก็', 'เอง', 'ก็', 'ยัง', 'หัวเราะ', 'ๆ', ' ', 'ขำ', 'ๆห', 'น่ะ', 'คุณ', ' ', 'อย่า', 'ซีเรียส']"
1976185902142755162,twitter,post,https://x.com/jxl0089x/status/1976185902142755162,text,2025-10-09T07:20:09.000Z,selenium_x_scraper_v1,คอนเฟิร์มหน่อยยสิ555,คอนเฟิร์มหน่อยยสิ555,2025-10-23 17:59:34,"['คอนเฟิร์ม', 'หน่อย', 'ย', 'สิ', 'หัวเราะ']"
1976183089396392229,twitter,post,https://x.com/fallenparx/status/1976183089396392229,text,2025-10-09T07:08:58.000Z,selenium_x_scraper_v1,"พวกที่มาร่ายความดีตัวเองบอกตัวเองใช้ชีวิตปกตินู่นนี่ แต่วิ่งมาร้อนตัวเวลาคนเขาด่า ""ชายแท้"" เนี่ย sus ทุกราย ถ้าไม่ได้เป็นพวกเดียวกับที่คนเขาด่าแล้วร้อนตัวทำไมน้อ you sound like you're guilty of something bro","พวกที่มาร่ายความดีตัวเองบอกตัวเองใช้ชีวิตปกตินู่นนี่ แต่วิ่งมาร้อนตัวเวลาคนเขาด่า ""ชายแท้"" เนี่ย sus ทุกราย ถ้าไม่ได้เป็นพวกเดียวกับที่คนเขาด่าแล้วร้อนตัวทำไมน้อ you sound like you're guilty of something bro",2025-10-23 17:59:34,"['พวก', 'ที่มา', 'ร่าย', 'ความดี', 'ตัวเอง', 'บอก', 'ตัวเอง', 'ใช้ชีวิต', 'ปกติ', 'นู่น', 'นี่', ' ', 'แต่', 'วิ่ง', 'มา', 'ร้อนตัว', 'เวลา', 'คน', 'เขา', 'ด่า', ' ', 'ชาย', 'แท้', ' ', 'เนี่ย', ' ', 'sus', ' ', 'ทุกราย', ' ', 'ถ้า', 'ไม่', 'ได้', 'เป็น', 'พวก', 'เดียว', 'กับ', 'ที่', 'คน', 'เขา', 'ด่า', 'แล้ว', 'ร้อนตัว', 'ทำไม', 'น้อ', ' ', 'you', ' ', 'sound', ' ', 'like', ' ', 'you', ""'re"", ' ', 'guilty', ' ', 'of', ' ', 'something', ' ', 'bro']"
1976175379502252482,twitter,post,https://x.com/Ravenmelonia/status/1976175379502252482,text,2025-10-09T06:38:20.000Z,selenium_x_scraper_v1,แล้วทำไมจะด่าไม่ได้ ก็มันโง่,แล้วทำไมจะด่าไม่ได้ ก็มันโง่,2025-10-23 17:59:34,"['แล้ว', 'ทำไม', 'จะ', 'ด่า', 'ไม่', 'ได้', ' ', 'ก็', 'มัน', 'โง่']"
1976178850242666988,twitter,post,https://x.com/jxl0089x/status/1976178850242666988,text,2025-10-09T06:52:08.000Z,selenium_x_scraper_v1,มึงด่าหน้าเค้านิ ไม่ได้ด่าเค้าโง่,มึงด่าหน้าเค้านิ ไม่ได้ด่าเค้าโง่,2025-10-23 17:59:34,"['มึง', 'ด่า', 'หน้า', 'เค้า', 'นิ', ' ', 'ไม่', 'ได้', 'ด่า', 'เค้า', 'โง่']"
1976178317662564453,twitter,post,https://x.com/jxl0089x/status/1976178317662564453,text,2025-10-09T06:50:01.000Z,selenium_x_scraper_v1,ยุ่งอะไร กุขอโทษมึงแล้วจะเอาไรอีก,ยุ่งอะไร กุขอโทษมึงแล้วจะเอาไรอีก,2025-10-23 17:59:34,"['ยุ่ง', 'อะไร', ' ', 'กุ', 'ขอโทษ', 'มึง', 'แล้', 'วจะ', 'เอา', 'ไร', 'อีก']"
1976172305001873428,twitter,post,https://x.com/daekbeerr/status/1976172305001873428,text,2025-10-09T06:26:07.000Z,selenium_x_scraper_v1,HELP,HELP,2025-10-23 17:59:34,['help']
1976176752704839709,twitter,post,https://x.com/daekbeerr/status/1976176752704839709,text,2025-10-09T06:43:48.000Z,selenium_x_scraper_v1,"I mean i’m a feminist and I play twitter,,, what does that make me ","I mean i’m a feminist and I play twitter,,, what does that make me ",2025-10-23 17:59:34,"['i', ' ', 'mean', ' ', 'i', ' ', 'm', ' ', 'a', ' ', 'feminist', ' ', 'and', ' ', 'i', ' ', 'play', ' ', 'twitter', ',,,', ' ', 'what', ' ', 'does', ' ', 'that', ' ', 'make', ' ', 'me']"
1976177786072203509,twitter,post,https://x.com/jxl0089x/status/1976177786072203509,text,2025-10-09T06:47:54.000Z,selenium_x_scraper_v1,"its fine, i’m not judging u (even tho i kinda did lol)
u don’t really give off that “men-hater” vibe tho","its fine, i’m not judging u (even tho i kinda did lol)
u don’t really give off that “men-hater” vibe tho",2025-10-23 17:59:34,"['its', ' ', 'fine', ',', ' ', 'i', ' ', 'm', ' ', 'not', ' ', 'judging', ' ', 'u', ' ', 'even', ' ', 'tho', ' ', 'i', ' ', 'kinda', ' ', 'did', ' ', 'lol', ' ', 'u', ' ', 'don', ' ', 't', ' ', 'really', ' ', 'give', ' ', 'off', ' ', 'that', ' ', 'men', ' ', 'hater', ' ', 'vibe', ' ', 'tho']"
1976173804788621320,twitter,post,https://x.com/todesertnstars/status/1976173804788621320,text,2025-10-09T06:32:05.000Z,selenium_x_scraper_v1,color me shocked misogynistic male being exactly what they are ,color me shocked misogynistic male being exactly what they are ,2025-10-23 17:59:34,"['color', ' ', 'me', ' ', 'shocked', ' ', 'misogynistic', ' ', 'male', ' ', 'being', ' ', 'exactly', ' ', 'what', ' ', 'they', ' ', 'are']"
1976174552091898330,twitter,post,https://x.com/jxl0089x/status/1976174552091898330,text,2025-10-09T06:35:03.000Z,selenium_x_scraper_v1,"tbh im not misogynistic at all i just got beef with femtwit haha
what about yall? are you femtwit or nah?","tbh im not misogynistic at all i just got beef with femtwit haha
what about yall? are you femtwit or nah?",2025-10-23 17:59:34,"['tbh', ' ', 'im', ' ', 'not', ' ', 'misogynistic', ' ', 'at', ' ', 'all', ' ', 'i', ' ', 'just', ' ', 'got', ' ', 'beef', ' ', 'with', ' ', 'femtwit', ' ', 'หัวเราะ', ' ', 'what', ' ', 'about', ' ', 'yall', '?', ' ', 'are', ' ', 'you', ' ', 'femtwit', ' ', 'or', ' ', 'nah', '?']"
1976171451482030587,twitter,post,https://x.com/augustseagirl/status/1976171451482030587,text,2025-10-09T06:22:44.000Z,selenium_x_scraper_v1,55555555555555555555555555555555 สนุกอะ ๆๆๆๆๆ,55555555555555555555555555555555 สนุกอะ ๆๆๆๆๆ,2025-10-23 17:59:34,"['หัวเราะ', ' ', 'สนุก', 'อะ', ' ', 'ๆๆๆๆๆ']"
1976172974706438234,twitter,post,https://x.com/Ravenmelonia/status/1976172974706438234,text,2025-10-09T06:28:47.000Z,selenium_x_scraper_v1,กุว่าคู่โทโดบาคุ ถัาแบบต่างอาชีพกันหรือต่างอุดมการณ์กุว่าสนุกนะ,กุว่าคู่โทโดบาคุ ถัาแบบต่างอาชีพกันหรือต่างอุดมการณ์กุว่าสนุกนะ,2025-10-23 17:59:34,"['กุ', 'ว่า', 'คู่', 'โท', 'โด', 'บา', 'คุ', ' ', 'ถัา', 'แบบ', 'ต่าง', 'อาชีพ', 'กัน', 'หรือ', 'ต่าง', 'อุดมการณ์', 'กุ', 'ว่า', 'สนุก', 'นะ']"
1976173322498118025,twitter,post,https://x.com/jxl0089x/status/1976173322498118025,text,2025-10-09T06:30:10.000Z,selenium_x_scraper_v1,คืออะไร? ดูดแต่บุหรี่ อย่าพิมเยอะ เดี๋ยวจะได้ดูดควยกุแทน,คืออะไร? ดูดแต่บุหรี่ อย่าพิมเยอะ เดี๋ยวจะได้ดูดควยกุแทน,2025-10-23 17:59:34,"['คือ', 'อะไร', '?', ' ', 'ดูด', 'แต่', 'บุหรี่', ' ', 'อย่า', 'พิม', 'เยอะ', ' ', 'เดี๋ยว', 'จะ', 'ได้', 'ดูด', 'ควย', 'กุ', 'แทน']"
1976166056424255932,twitter,post,https://x.com/norain_norice/status/1976166056424255932,text,2025-10-09T06:01:17.000Z,selenium_x_scraper_v1,อย่างน้อยก็อาบน้ำล้างหีนะคะ,อย่างน้อยก็อาบน้ำล้างหีนะคะ,2025-10-23 17:59:34,"['อย่าง', 'น้อย', 'ก็', 'อาบน้ำ', 'ล้าง', 'หี', 'นะคะ']"
1976171966290936247,twitter,post,https://x.com/jxl0089x/status/1976171966290936247,text,2025-10-09T06:24:46.000Z,selenium_x_scraper_v1,"กุก็ล้างควยยโว้ยย จะบ้าหรอวะ ใครมันจะไม่ล้าง
ล้อจู๋เล็กขอให้ได้แฟนจู๋เล็ก","กุก็ล้างควยยโว้ยย จะบ้าหรอวะ ใครมันจะไม่ล้าง
ล้อจู๋เล็กขอให้ได้แฟนจู๋เล็ก",2025-10-23 17:59:34,"['กุ', 'ก็', 'ล้าง', 'ควย', 'ย', 'โว้ย', 'ย', ' ', 'จะ', 'บ้า', 'หรอ', 'วะ', ' ', 'ใคร', 'มัน', 'จะ', 'ไม่', 'ล้าง', ' ', 'ล้อ', 'จู๋', 'เล็ก', 'ขอ', 'ให้ได้', 'แฟน', 'จู๋', 'เล็ก']"
1976171262499225892,twitter,post,https://x.com/jxl0089x/status/1976171262499225892,text,2025-10-09T06:21:59.000Z,selenium_x_scraper_v1,Women ,Women ,2025-10-23 17:59:34,['women']
1976162787492757863,twitter,post,https://x.com/ppthy_p/status/1976162787492757863,text,2025-10-09T05:48:18.000Z,selenium_x_scraper_v1,มันรู้ได้ไงวะว่าจขทว.เป็นผญ.หรือผช.หน้าตาเป็นยังไง วันๆกุเห็นแต่เค้าสโมคwithกับแกล้ม,มันรู้ได้ไงวะว่าจขทว.เป็นผญ.หรือผช.หน้าตาเป็นยังไง วันๆกุเห็นแต่เค้าสโมคwithกับแกล้ม,2025-10-23 17:59:34,"['มัน', 'รู้', 'ได้', 'ไง', 'วะ', 'ว่า', 'จขทว', '.', 'เป็น', 'ผญ.', 'หรือ', 'ผช.', 'หน้าตา', 'เป็น', 'ยังไง', ' ', 'วัน', 'ๆ', 'กุ', 'เห็น', 'แต่', 'เค้า', 'ส', 'โม', 'ค', 'with', 'กับแกล้ม']"
1976170892947554798,twitter,post,https://x.com/jxl0089x/status/1976170892947554798,text,2025-10-09T06:20:31.000Z,selenium_x_scraper_v1,"นั่นสิ ใครจะคิดว่ามันเป็นผช
ละไอเหี้ยนี้เป็นไร มาด่าผช ด้วยกัน กุจะรั่ว","นั่นสิ ใครจะคิดว่ามันเป็นผช
ละไอเหี้ยนี้เป็นไร มาด่าผช ด้วยกัน กุจะรั่ว",2025-10-23 17:59:34,"['นั่นสิ', ' ', 'ใคร', 'จะ', 'คิด', 'ว่า', 'มัน', 'เป็น', 'ผช', ' ', 'ละ', 'ไอ', 'เหี้ย', 'นี้', 'เป็นไร', ' ', 'มา', 'ด่า', 'ผช', ' ', 'ด้วยกัน', ' ', 'กุ', 'จะ', 'รั่ว']"
1976170565305237686,twitter,post,https://x.com/jxl0089x/status/1976170565305237686,text,2025-10-09T06:19:12.000Z,selenium_x_scraper_v1,แล้วใครไม่อาบน้ำ มีด้วยหรอ5555,แล้วใครไม่อาบน้ำ มีด้วยหรอ5555,2025-10-23 17:59:34,"['แล้ว', 'ใคร', 'ไม่', 'อาบน้ำ', ' ', 'มี', 'ด้วย', 'หรอ', 'หัวเราะ']"
1976170048978026642,twitter,post,https://x.com/jxl0089x/status/1976170048978026642,text,2025-10-09T06:17:09.000Z,selenium_x_scraper_v1,จบบบ ถ้าผู้ชายก็ขอโทษด้วยครับ55555,จบบบ ถ้าผู้ชายก็ขอโทษด้วยครับ55555,2025-10-23 17:59:34,"['จบ', 'บบ', ' ', 'ถ้า', 'ผู้ชาย', 'ก็', 'ขอโทษ', 'ด้วย', 'ครับ', 'หัวเราะ']"
1975896137086439904,twitter,post,https://x.com/lostestxm/status/1975896137086439904,text,2025-10-08T12:08:44.000Z,selenium_x_scraper_v1,,,2025-10-23 17:59:34,[]
1976135066200965572,twitter,post,https://x.com/jxl0089x/status/1976135066200965572,text,2025-10-09T03:58:09.000Z,selenium_x_scraper_v1,เหอะๆ ขอให้ได้แฟน จู๋เล็ก,เหอะๆ ขอให้ได้แฟน จู๋เล็ก,2025-10-23 17:59:34,"['เหอะ', 'ๆ', ' ', 'ขอ', 'ให้ได้', 'แฟน', ' ', 'จู๋', 'เล็ก']"
1975902173746856057,twitter,post,https://x.com/redkindle_ment/status/1975902173746856057,text,2025-10-08T12:32:43.000Z,selenium_x_scraper_v1,บอกกุทีว่าคนละเรื่องกันที เพราะถ้าเรื่องประมูลเบาะที่เจนนิสนั่งกุค่ตจะหมดสัดทาในตัวมนุดมาก,บอกกุทีว่าคนละเรื่องกันที เพราะถ้าเรื่องประมูลเบาะที่เจนนิสนั่งกุค่ตจะหมดสัดทาในตัวมนุดมาก,2025-10-23 17:59:34,"['บอก', 'กุ', 'ที', 'ว่า', 'คนละเรื่อง', 'กัน', 'ที', ' ', 'เพราะ', 'ถ้า', 'เรื่อง', 'ประมูล', 'เบาะ', 'ที่', 'เจน', 'นิ', 'ส', 'นั่ง', 'กุ', 'ค่ต', 'จะ', 'หมด', 'สัด', 'ทา', 'ใน', 'ตัว', 'มนุ', 'ด', 'มาก']"
1976134838936899881,twitter,post,https://x.com/jxl0089x/status/1976134838936899881,text,2025-10-09T03:57:15.000Z,selenium_x_scraper_v1,ดีที่ใช้คำว่า มนุษย์ ไม่ใช่ ชายแท้รับจบอีก,ดีที่ใช้คำว่า มนุษย์ ไม่ใช่ ชายแท้รับจบอีก,2025-10-23 17:59:34,"['ดี', 'ที่', 'ใช้', 'คำ', 'ว่า', ' ', 'มนุษย์', ' ', 'ไม่', 'ใช่', ' ', 'ชาย', 'แท้', 'รับ', 'จบ', 'อีก']"
1975751411620020370,twitter,post,https://x.com/iwasborngemini/status/1975751411620020370,text,2025-10-08T02:33:38.000Z,selenium_x_scraper_v1,"เวลาเกิดเรื่องอะไรแบบนี้ สิ่งที่ผญทำ
1.ด่าผู้ชายเหี้ย
2.ปกป้องผู้หญิงที่โดน
สิ่งที่ชายแท้ทำ
1.ถามว่าแล้วผู้หญิงที่ทำแบบนี้ล่ะคับ 
อีดอก มึงก็ช่วยกันประจานมันสิ จะมาถามกลับทำหอกไร มึงด่าผชด้วยกันเองบ้างเหอะ สั่งสอนกันเองบ้าง ดีแต่ตั้งคำถามโง่ๆที่ไม่ได้เหี้ยไรเลย","เวลาเกิดเรื่องอะไรแบบนี้ สิ่งที่ผญทำ
1.ด่าผู้ชายเหี้ย
2.ปกป้องผู้หญิงที่โดน
สิ่งที่ชายแท้ทำ
1.ถามว่าแล้วผู้หญิงที่ทำแบบนี้ล่ะคับ 
อีดอก มึงก็ช่วยกันประจานมันสิ จะมาถามกลับทำหอกไร มึงด่าผชด้วยกันเองบ้างเหอะ สั่งสอนกันเองบ้าง ดีแต่ตั้งคำถามโง่ๆที่ไม่ได้เหี้ยไรเลย",2025-10-23 17:59:34,"['เวลา', 'เกิดเรื่อง', 'อะไร', 'แบบนี้', ' ', 'สิ่ง', 'ที่', 'ผญ', 'ทำ', ' ', '1', '.', 'ด่า', 'ผู้ชาย', 'เหี้ย', ' ', '2', '.', 'ปกป้อง', 'ผู้หญิง', 'ที่', 'โดน', ' ', 'สิ่ง', 'ที่', 'ชาย', 'แท้', 'ทำ', ' ', '1', '.', 'ถาม', 'ว่าแล้ว', 'ผู้หญิง', 'ที่', 'ทำ', 'แบบนี้', 'ล่ะ', 'คับ', ' ', 'อีดอก', ' ', 'มึง', 'ก็', 'ช่วยกัน', 'ประจาน', 'มัน', 'สิ', ' ', 'จะ', 'มา', 'ถาม', 'กลับ', 'ทำ', 'หอก', 'ไร', ' ', 'มึง', 'ด่า', 'ผช', 'ด้วย', 'กันเอง', 'บ้าง', 'เหอะ', ' ', 'สั่งสอน', 'กันเอง', 'บ้าง', ' ', 'ดีแต่', 'ตั้งคำถาม', 'โง่', 'ๆ', 'ที่', 'ไม่', 'ได้', 'เหี้ย', 'ไร', 'เลย']"
1975816557105455555,twitter,post,https://x.com/redkindle_ment/status/1975816557105455555,text,2025-10-08T06:52:30.000Z,selenium_x_scraper_v1,แล้วเจนนิสขำด้วยมั้ย ไม่ตลกอีควาย,แล้วเจนนิสขำด้วยมั้ย ไม่ตลกอีควาย,2025-10-23 17:59:34,"['แล้ว', 'เจน', 'นิ', 'ส', 'ขำ', 'ด้วย', 'มั้ย', ' ', 'ไม่', 'ตลก', 'อี', 'ควาย']"
1975816807392190648,twitter,post,https://x.com/jxl0089x/status/1975816807392190648,text,2025-10-08T06:53:30.000Z,selenium_x_scraper_v1,ไหนที่บอกว่า เค้าไม่ขำหรอ,ไหนที่บอกว่า เค้าไม่ขำหรอ,2025-10-23 17:59:34,"['ไหน', 'ที่', 'บอ', 'กว่า', ' ', 'เค้า', 'ไม่', 'ขำ', 'หรอ']"
1975809641604096066,twitter,post,https://x.com/jxl0089x/status/1975809641604096066,text,2025-10-08T06:25:01.000Z,selenium_x_scraper_v1,"ปกติเลี้ยงผญได้ทุกมื้อ สบายมาก
แต่เคยไปเดทกับผญ ครั้งนึง เล่นแต่มือถือ เดทไม่สนุก ก็คงคิดว่าน่าจะไม่คลิกกันละ สุดท้ายกุขอหาร แบบ 600(กุ)-400 แม่งเอาไปโพสด่าอี๊กกก 55555","ปกติเลี้ยงผญได้ทุกมื้อ สบายมาก
แต่เคยไปเดทกับผญ ครั้งนึง เล่นแต่มือถือ เดทไม่สนุก ก็คงคิดว่าน่าจะไม่คลิกกันละ สุดท้ายกุขอหาร แบบ 600(กุ)-400 แม่งเอาไปโพสด่าอี๊กกก 55555",2025-10-23 17:59:34,"['ปกติ', 'เลี้ยง', 'ผญ', 'ได้', 'ทุก', 'มื้อ', ' ', 'สบาย', 'มาก', ' ', 'แต่', 'เคย', 'ไป', 'เดท', 'กับ', 'ผญ', ' ', 'ครั้ง', 'นึง', ' ', 'เล่น', 'แต่', 'มือถือ', ' ', 'เดท', 'ไม่', 'สนุก', ' ', 'ก็', 'คง', 'คิด', 'ว่า', 'น่าจะ', 'ไม่', 'คลิก', 'กัน', 'ละ', ' ', 'สุดท้าย', 'กุ', 'ขอ', 'หาร', ' ', 'แบบ', ' ', '600', ' ', 'กุ', ' ', '400', ' ', 'แม่', 'ง', 'เอา', 'ไป', 'โพส', 'ด่า', 'อี๊', 'กก', 'ก', ' ', 'หัวเราะ']"
1975806910248198358,twitter,post,https://x.com/jxl0089x/status/1975806910248198358,text,2025-10-08T06:14:10.000Z,selenium_x_scraper_v1,"@KhunRueanka  อันนี้เห็นผญ มาตอบโพส คิดว่าไงหรอครับ?
(ส่วนตัวผมเลี้ยงผญตลอด  ไม่ต้องด่าผม)","@KhunRueanka  อันนี้เห็นผญ มาตอบโพส คิดว่าไงหรอครับ?
(ส่วนตัวผมเลี้ยงผญตลอด  ไม่ต้องด่าผม)",2025-10-23 17:59:34,"['อันนี้', 'เห็น', 'ผญ', ' ', 'มา', 'ตอบ', 'โพส', ' ', 'คิด', 'ว่า', 'ไง', 'หรอ', 'ครับ', '?', ' ', 'ส่วนตัว', 'ผม', 'เลี้ยง', 'ผญ', 'ตลอด', ' ', 'ไม่ต้อง', 'ด่า', 'ผม']"
1975803354149494830,twitter,post,https://x.com/npkp_s/status/1975803354149494830,text,2025-10-08T06:00:02.000Z,selenium_x_scraper_v1,อือ ก็คนแบบคุณก็คงขำอะแหละค่ะที่ผู้หญิงโดนคุกคาม,อือ ก็คนแบบคุณก็คงขำอะแหละค่ะที่ผู้หญิงโดนคุกคาม,2025-10-23 17:59:34,"['อือ', ' ', 'ก็', 'คน', 'แบบ', 'คุณ', 'ก็', 'คง', 'ขำ', 'อะ', 'แหละ', 'ค่ะ', 'ที่', 'ผู้หญิง', 'โดน', 'คุกคาม']"
1975805157050097984,twitter,post,https://x.com/jxl0089x/status/1975805157050097984,text,2025-10-08T06:07:12.000Z,selenium_x_scraper_v1,ถ้าเป็นข่างคุกคามจริงๆ พวก ขข. ก็ไม่ขำนะครับ,ถ้าเป็นข่างคุกคามจริงๆ พวก ขข. ก็ไม่ขำนะครับ,2025-10-23 17:59:34,"['ถ้า', 'เป็น', 'ข่าง', 'คุกคาม', 'จริงๆ', ' ', 'พวก', ' ', 'ขข', '.', ' ', 'ก็', 'ไม่', 'ขำ', 'นะ', 'ครับ']"
1975801930300727565,twitter,post,https://x.com/jxl0089x/status/1975801930300727565,text,2025-10-08T05:54:23.000Z,selenium_x_scraper_v1,นึกภาพตามอยู่ ก็เฉยๆนะ,นึกภาพตามอยู่ ก็เฉยๆนะ,2025-10-23 17:59:34,"['นึก', 'ภาพ', 'ตาม', 'อยู่', ' ', 'ก็', 'เฉย', 'ๆ', 'นะ']"
1975796449893097623,twitter,post,https://x.com/imokitsalright/status/1975796449893097623,text,2025-10-08T05:32:36.000Z,selenium_x_scraper_v1,ก็นั่นแหละค่ะคุณ ถ้าปล่อยให้มีแบบนี้อีกสักสิบโพสร้อยโพส เราพูดแทนทุกคนได้หรอว่าจะไม่มีใครใช้คำว่าแค่ขำๆมาปกปิดเจตนา ถ้าไม่มีใครพูดอะไรเลยวันนึงเรื่องนี้จะกลายเป็นเรื่องขำๆที่ไม่มีใครกล้าแย้งขึ้นมาจริงๆ,ก็นั่นแหละค่ะคุณ ถ้าปล่อยให้มีแบบนี้อีกสักสิบโพสร้อยโพส เราพูดแทนทุกคนได้หรอว่าจะไม่มีใครใช้คำว่าแค่ขำๆมาปกปิดเจตนา ถ้าไม่มีใครพูดอะไรเลยวันนึงเรื่องนี้จะกลายเป็นเรื่องขำๆที่ไม่มีใครกล้าแย้งขึ้นมาจริงๆ,2025-10-23 17:59:34,"['ก็', 'นั่นแหละ', 'ค่ะ', 'คุณ', ' ', 'ถ้า', 'ปล่อย', 'ให้', 'มี', 'แบบนี้', 'อีก', 'สัก', 'สิบ', 'โพ', 'สร้อย', 'โพส', ' ', 'เรา', 'พูด', 'แทน', 'ทุกคน', 'ได้', 'หรอ', 'ว่า', 'จะ', 'ไม่', 'มี', 'ใคร', 'ใช้', 'คำ', 'ว่า', 'แค่', 'ขำ', 'ๆ', 'มา', 'ปกปิด', 'เจตนา', ' ', 'ถ้า', 'ไม่', 'มี', 'ใคร', 'พูด', 'อะไร', 'เลย', 'วัน', 'นึง', 'เรื่อง', 'นี้', 'จะ', 'กลาย', 'เป็นเรื่อง', 'ขำ', 'ๆ', 'ที่', 'ไม่', 'มี', 'ใคร', 'กล้า', 'แย้ง', 'ขึ้น', 'มา', 'จริงๆ']"
1975801811916472325,twitter,post,https://x.com/jxl0089x/status/1975801811916472325,text,2025-10-08T05:53:55.000Z,selenium_x_scraper_v1,อืออๆ ถ้ามองในมุมนั้นก็จริงครับ,อืออๆ ถ้ามองในมุมนั้นก็จริงครับ,2025-10-23 17:59:34,"['อือ', 'อๆ', ' ', 'ถ้า', 'มอง', 'ใน', 'มุม', 'นั้น', 'ก็', 'จริง', 'ครับ']"
1975794155575296511,twitter,post,https://x.com/npkp_s/status/1975794155575296511,text,2025-10-08T05:23:29.000Z,selenium_x_scraper_v1,เขาไม่ได้ด่าเพราะคิดว่าจะมีใครประมูลจริงเปล่า แต่คนแบบคุณก็อาจจะคิดไม่ได้อะแหละ,เขาไม่ได้ด่าเพราะคิดว่าจะมีใครประมูลจริงเปล่า แต่คนแบบคุณก็อาจจะคิดไม่ได้อะแหละ,2025-10-23 17:59:34,"['เขา', 'ไม่', 'ได้', 'ด่า', 'เพราะ', 'คิด', 'ว่า', 'จะ', 'มี', 'ใคร', 'ประมูล', 'จริง', 'เปล่า', ' ', 'แต่', 'คน', 'แบบ', 'คุณ', 'ก็', 'อาจจะ', 'คิด', 'ไม่', 'ได้', 'อะ', 'แหละ']"
1975801649945059662,twitter,post,https://x.com/jxl0089x/status/1975801649945059662,text,2025-10-08T05:53:16.000Z,selenium_x_scraper_v1,ผมก็ไม่ได้มองว่า ดีงามนะ เพราะบางคอมเม้นก็ sh จริงๆ แต่มองแค่ตัวคอนเท้น ก็ขำๆ,ผมก็ไม่ได้มองว่า ดีงามนะ เพราะบางคอมเม้นก็ sh จริงๆ แต่มองแค่ตัวคอนเท้น ก็ขำๆ,2025-10-23 17:59:34,"['ผม', 'ก็', 'ไม่', 'ได้', 'มองว่า', ' ', 'ดีงาม', 'นะ', ' ', 'เพราะ', 'บาง', 'คอม', 'เม้น', 'ก็', ' ', 'sh', ' ', 'จริงๆ', ' ', 'แต่', 'มอง', 'แค่', 'ตัว', 'คอน', 'เท้น', ' ', 'ก็', 'ขำ', 'ๆ']"
1975801372605096420,twitter,post,https://x.com/jxl0089x/status/1975801372605096420,text,2025-10-08T05:52:10.000Z,selenium_x_scraper_v1,"ไม่เคยเห็นนะ ข่าวผช โดนล่วงละเมิด
แต่ที่ ผช make fun ผญ อันนี้เคยเห็นอยู่","ไม่เคยเห็นนะ ข่าวผช โดนล่วงละเมิด
แต่ที่ ผช make fun ผญ อันนี้เคยเห็นอยู่",2025-10-23 17:59:34,"['ไม่', 'เคย', 'เห็น', 'นะ', ' ', 'ข่าว', 'ผช', ' ', 'โดน', 'ล่วงละเมิด', ' ', 'แต่', 'ที่', ' ', 'ผช', ' ', 'make', ' ', 'fun', ' ', 'ผญ', ' ', 'อันนี้', 'เคย', 'เห็น', 'อยู่']"
1975781111642136667,twitter,post,https://x.com/imokitsalright/status/1975781111642136667,text,2025-10-08T04:31:39.000Z,selenium_x_scraper_v1,มันเป็นของที่ใครผ่านมาเห็นก็รู้ว่านี่คือไม่ดีอะ ถ้าโพสแบบนี้แล้วมีแต่คนเห็นดีเห็นงาม คุณว่าเป็นไปได้หรอ มันเป็รโลกดิสโทเปียประเภทไหนกัน,มันเป็นของที่ใครผ่านมาเห็นก็รู้ว่านี่คือไม่ดีอะ ถ้าโพสแบบนี้แล้วมีแต่คนเห็นดีเห็นงาม คุณว่าเป็นไปได้หรอ มันเป็รโลกดิสโทเปียประเภทไหนกัน,2025-10-23 17:59:34,"['มัน', 'เป็น', 'ของ', 'ที่', 'ใคร', 'ผ่าน', 'มา', 'เห็น', 'ก็', 'รู้', 'ว่า', 'นี่', 'คือ', 'ไม่', 'ดี', 'อะ', ' ', 'ถ้า', 'โพส', 'แบบนี้', 'แล้ว', 'มี', 'แต่', 'คน', 'เห็นดีเห็นงาม', ' ', 'คุณ', 'ว่า', 'เป็นไปได้', 'หรอ', ' ', 'มัน', 'เป็ร', 'โลก', 'ดิส', 'โท', 'เปีย', 'ประเภท', 'ไหน', 'กัน']"
1975790795065290982,twitter,post,https://x.com/jxl0089x/status/1975790795065290982,text,2025-10-08T05:10:08.000Z,selenium_x_scraper_v1,หรอ อันนี่ผมลองคิดในมุม ผช ที่ทำนะ เค้าก้คงทำ ขำขำ อาจจะไม่ได้มี เจตนา sh,หรอ อันนี่ผมลองคิดในมุม ผช ที่ทำนะ เค้าก้คงทำ ขำขำ อาจจะไม่ได้มี เจตนา sh,2025-10-23 17:59:34,"['หรอ', ' ', 'อัน', 'นี่', 'ผม', 'ลอง', 'คิด', 'ใน', 'มุม', ' ', 'ผช', ' ', 'ที่', 'ทำ', 'นะ', ' ', 'เค้า', 'ก้คง', 'ทำ', ' ', 'ขำ', 'ขำ', ' ', 'อาจจะ', 'ไม่', 'ได้', 'มี', ' ', 'เจตนา', ' ', 'sh']"
1975778226137096580,twitter,post,https://x.com/imokitsalright/status/1975778226137096580,text,2025-10-08T04:20:11.000Z,selenium_x_scraper_v1,มันคือวิธีกดขี่อย่างนึงเลยอะคุณ ตัดแขนตัดขาคนที่สามารถจะช่วยเหลือได้ให้หมด เพราะถ้าผชคนนึงออกมาพูดได้ ผชคนอื่นที่เห็นความไม่ยุติธรรมแบบนี้ก็จะกล้าออกมาพูดเหมือนกัน เห็นล่าสุดก็พี่ผชที่ไปเถียงให้ใต้โพสเรื่องเดินกลางคืน คนไปซัพพี่เขาเยอะมาก ดีใจ555,มันคือวิธีกดขี่อย่างนึงเลยอะคุณ ตัดแขนตัดขาคนที่สามารถจะช่วยเหลือได้ให้หมด เพราะถ้าผชคนนึงออกมาพูดได้ ผชคนอื่นที่เห็นความไม่ยุติธรรมแบบนี้ก็จะกล้าออกมาพูดเหมือนกัน เห็นล่าสุดก็พี่ผชที่ไปเถียงให้ใต้โพสเรื่องเดินกลางคืน คนไปซัพพี่เขาเยอะมาก ดีใจ555,2025-10-23 17:59:34,"['มัน', 'คือ', 'วิธี', 'กดขี่', 'อย่าง', 'นึง', 'เลย', 'อะ', 'คุณ', ' ', 'ตัด', 'แขน', 'ตัด', 'ขา', 'คน', 'ที่', 'สามารถ', 'จะ', 'ช่วยเหลือ', 'ได้', 'ให้', 'หมด', ' ', 'เพราะ', 'ถ้า', 'ผชคน', 'นึง', 'ออกมา', 'พูด', 'ได้', ' ', 'ผช', 'คนอื่น', 'ที่', 'เห็น', 'ความ', 'ไม่', 'ยุติธรรม', 'แบบนี้', 'ก็', 'จะ', 'กล้า', 'ออกมา', 'พูด', 'เหมือนกัน', ' ', 'เห็น', 'ล่าสุด', 'ก็', 'พี่', 'ผช', 'ที่', 'ไป', 'เถียง', 'ให้', 'ใต้', 'โพส', 'เรื่อง', 'เดิน', 'กลางคืน', ' ', 'คน', 'ไป', 'ซัพ', 'พี่', 'เขา', 'เยอะ', 'มาก', ' ', 'ดีใจ', 'หัวเราะ']"
1975778849268084885,twitter,post,https://x.com/jxl0089x/status/1975778849268084885,text,2025-10-08T04:22:40.000Z,selenium_x_scraper_v1,"ดีครับๆ อย่างประเด็นนี้คุณว่าไง
ส่วนตัวผมมองว่า มันไม่ sh ขนาดนั้นนะ ดูเหมือนเป็นมุกขำๆของชายแท้ แต่มัน sensitive กับพวกคุณขนาดนั้นเลยหรอ","ดีครับๆ อย่างประเด็นนี้คุณว่าไง
ส่วนตัวผมมองว่า มันไม่ sh ขนาดนั้นนะ ดูเหมือนเป็นมุกขำๆของชายแท้ แต่มัน sensitive กับพวกคุณขนาดนั้นเลยหรอ",2025-10-23 17:59:34,"['ดี', 'ครับ', 'ๆ', ' ', 'อย่าง', 'ประเด็น', 'นี้', 'คุณ', 'ว่า', 'ไง', ' ', 'ส่วนตัว', 'ผม', 'มองว่า', ' ', 'มัน', 'ไม่', ' ', 'sh', ' ', 'ขนาด', 'นั้น', 'นะ', ' ', 'ดูเหมือน', 'เป็น', 'มุก', 'ขำ', 'ๆ', 'ของ', 'ชาย', 'แท้', ' ', 'แต่', 'มัน', ' ', 'sensitive', ' ', 'กับ', 'พวกคุณ', 'ขนาด', 'นั้น', 'เลย', 'หรอ']"
1975508706851717268,twitter,post,https://x.com/npkp_s/status/1975508706851717268,text,2025-10-07T10:29:13.000Z,selenium_x_scraper_v1,"เรื่องที่ฉันรู้สึกแปลกกับสื่อโซเชี่ยลไทยคือ
Twitter คนไทยเกิน 80-90% ไม่เปิดเรียล อยู่แบบ anonymous
Facebook ส่วนมากก็เปิดหน้ากัน มียันพ่อแม่ สถานศึกษา ที่ทำงาน
แต่คนในเฟสกล้าทำตัวแบบ... ไม่มีอะไรจะเสียสุดๆ","เรื่องที่ฉันรู้สึกแปลกกับสื่อโซเชี่ยลไทยคือ
Twitter คนไทยเกิน 80-90% ไม่เปิดเรียล อยู่แบบ anonymous
Facebook ส่วนมากก็เปิดหน้ากัน มียันพ่อแม่ สถานศึกษา ที่ทำงาน
แต่คนในเฟสกล้าทำตัวแบบ... ไม่มีอะไรจะเสียสุดๆ",2025-10-23 17:59:34,"['เรื่อง', 'ที่', 'ฉัน', 'รู้สึก', 'แปลก', 'กับ', 'สื่อ', 'โซ', 'เชี่ยล', 'ไทย', 'คือ', ' ', 'twitter', ' ', 'คนไทย', 'เกิน', ' ', '80', ' ', '90', ' ', 'ไม่', 'เปิด', 'เรียล', ' ', 'อยู่', 'แบบ', ' ', 'anonymous', ' ', 'facebook', ' ', 'ส่วนมาก', 'ก็', 'เปิด', 'หน้า', 'กัน', ' ', 'มี', 'ยัน', 'พ่อแม่', ' ', 'สถานศึกษา', ' ', 'ที่ทำงาน', ' ', 'แต่', 'คนใน', 'เฟส', 'กล้า', 'ทำตัว', 'แบ', 'บ.', '..', ' ', 'ไม่', 'มี', 'อะไร', 'จะ', 'เสีย', 'สุด', 'ๆ']"
1975775283082109228,twitter,post,https://x.com/jxl0089x/status/1975775283082109228,text,2025-10-08T04:08:30.000Z,selenium_x_scraper_v1,ก็มองว่า มุก ขำๆนะครับ เอาจริงๆ ถึงประมูลกัน คิดว่าจะมีคนซื้อจริงๆหรอ ,ก็มองว่า มุก ขำๆนะครับ เอาจริงๆ ถึงประมูลกัน คิดว่าจะมีคนซื้อจริงๆหรอ ,2025-10-23 17:59:34,"['ก็', 'มองว่า', ' ', 'มุก', ' ', 'ขำ', 'ๆ', 'นะ', 'ครับ', ' ', 'เอา', 'จริงๆ', ' ', 'ถึง', 'ประมูล', 'กัน', ' ', 'คิด', 'ว่า', 'จะ', 'มี', 'คนซื้อ', 'จริงๆ', 'หรอ']"
1975475078759653777,twitter,post,https://x.com/jxl0089x/status/1975475078759653777,text,2025-10-07T08:15:35.000Z,selenium_x_scraper_v1,ผู้ชายส่วนใหญ่ เค้าก็ไม่อยากให้เกิดเรื่องอะไรแบบนั้นหรอกนะ,ผู้ชายส่วนใหญ่ เค้าก็ไม่อยากให้เกิดเรื่องอะไรแบบนั้นหรอกนะ,2025-10-23 17:59:34,"['ผู้ชาย', 'ส่วนใหญ่', ' ', 'เค้า', 'ก็', 'ไม่', 'อยาก', 'ให้', 'เกิดเรื่อง', 'อะไร', 'แบบ', 'นั้น', 'หรอก', 'นะ']"
1975473328547897401,twitter,post,https://x.com/UsamimiasU/status/1975473328547897401,text,2025-10-07T08:08:38.000Z,selenium_x_scraper_v1,คือพี่จะบอกว่ามีชีวิตใช้ซะปะ 55555555555555555555555555555555555555555,คือพี่จะบอกว่ามีชีวิตใช้ซะปะ 55555555555555555555555555555555555555555,2025-10-23 17:59:34,"['คือ', 'พี่', 'จะ', 'บอ', 'กว่า', 'มีชีวิต', 'ใช้', 'ซะ', 'ปะ', ' ', 'หัวเราะ']"
1975474032704430173,twitter,post,https://x.com/jxl0089x/status/1975474032704430173,text,2025-10-07T08:11:26.000Z,selenium_x_scraper_v1,เอออพิมผิด กุขอโทษได้มั้ยละ,เอออพิมผิด กุขอโทษได้มั้ยละ,2025-10-23 17:59:34,"['เอ', 'ออ', 'พิม', 'ผิด', ' ', 'กุ', 'ขอโทษ', 'ได้', 'มั้ย', 'ละ']"
1975452865075569032,twitter,post,https://x.com/npkrxs/status/1975452865075569032,text,2025-10-07T06:47:19.000Z,selenium_x_scraper_v1,@ บิลลี่ บิลลี่ บิลลี่ บิลลี่ 517155555555,@ บิลลี่ บิลลี่ บิลลี่ บิลลี่ 517155555555,2025-10-23 17:59:34,"['บิล', 'ลี่', ' ', 'บิล', 'ลี่', ' ', 'บิล', 'ลี่', ' ', 'บิล', 'ลี่', ' ', '5171', 'หัวเราะ']"
1975456645779235143,twitter,post,https://x.com/jxl0089x/status/1975456645779235143,text,2025-10-07T07:02:21.000Z,selenium_x_scraper_v1,จริงมั้ยครับ 5555,จริงมั้ยครับ 5555,2025-10-23 17:59:34,"['จริง', 'มั้ย', 'ครับ', ' ', 'หัวเราะ']"
1975451693639926063,twitter,post,https://x.com/npkrxs/status/1975451693639926063,text,2025-10-07T06:42:40.000Z,selenium_x_scraper_v1,"well ก็ใช่ แต่ที่โควทไปตอนแรกไม่ได้นึกถึงอันนี้ด้วยซ้ำ ผญ.ส่วนมากสวยจริง ๆ แค่ u will find her acttractive or not แค่นั้น

makes me wonder คำนิยมคำว่าสวยขอ cis het men คือยังไงนะ 5555 ไม่ใช่แบบเดียวกันหรอ","well ก็ใช่ แต่ที่โควทไปตอนแรกไม่ได้นึกถึงอันนี้ด้วยซ้ำ ผญ.ส่วนมากสวยจริง ๆ แค่ u will find her acttractive or not แค่นั้น

makes me wonder คำนิยมคำว่าสวยขอ cis het men คือยังไงนะ 5555 ไม่ใช่แบบเดียวกันหรอ",2025-10-23 17:59:34,"['well', ' ', 'ก็', 'ใช่', ' ', 'แต่', 'ที่', 'โค', 'วท', 'ไป', 'ตอนแรก', 'ไม่', 'ได้', 'นึกถึง', 'อันนี้', 'ด้วยซ้ำ', ' ', 'ผญ.', 'ส่วนมาก', 'สวย', 'จริง ๆ', ' ', 'แค่', ' ', 'u', ' ', 'will', ' ', 'find', ' ', 'her', ' ', 'acttractive', ' ', 'or', ' ', 'not', ' ', 'แค่นั้น', ' ', 'makes', ' ', 'me', ' ', 'wonder', ' ', 'คำนิยม', 'คำ', 'ว่า', 'สวย', 'ขอ', ' ', 'cis', ' ', 'het', ' ', 'men', ' ', 'คือ', 'ยังไง', 'นะ', ' ', 'หัวเราะ', ' ', 'ไม่', 'ใช่', 'แบบ', 'เดียวกัน', 'หรอ']"
1975455866091659357,twitter,post,https://x.com/jxl0089x/status/1975455866091659357,text,2025-10-07T06:59:15.000Z,selenium_x_scraper_v1,"i agree that most girls look prettier these days but not all of them tho 
i don’t even wanna start this topic haha someone’s gonna cry about “thai men type” again ","i agree that most girls look prettier these days but not all of them tho 
i don’t even wanna start this topic haha someone’s gonna cry about “thai men type” again ",2025-10-23 17:59:34,"['i', ' ', 'agree', ' ', 'that', ' ', 'most', ' ', 'girls', ' ', 'look', ' ', 'prettier', ' ', 'these', ' ', 'days', ' ', 'but', ' ', 'not', ' ', 'all', ' ', 'of', ' ', 'them', ' ', 'tho', ' ', 'i', ' ', 'don', ' ', 't', ' ', 'even', ' ', 'wanna', ' ', 'start', ' ', 'this', ' ', 'topic', ' ', 'หัวเราะ', ' ', 'someone', ' ', 's', ' ', 'gonna', ' ', 'cry', ' ', 'about', ' ', 'thai', ' ', 'men', ' ', 'type', ' ', 'again']"
1975239744704729342,twitter,post,https://x.com/starlightkirano/status/1975239744704729342,text,2025-10-06T16:40:27.000Z,selenium_x_scraper_v1,มีอ้างอิงมั้ย ถ้าแค่ความเห็นจากการท่องเน็ต ก็ถือว่าใช้เน็ตได้สูญเปล่ามาก แล้วการที่ผชทรีตผญคนนึงไม่ดีแค่เพราะว่าเขาไม่สวย ปัญหาจริงๆคือใครน้าาา ติ๊กต่อกๆ,มีอ้างอิงมั้ย ถ้าแค่ความเห็นจากการท่องเน็ต ก็ถือว่าใช้เน็ตได้สูญเปล่ามาก แล้วการที่ผชทรีตผญคนนึงไม่ดีแค่เพราะว่าเขาไม่สวย ปัญหาจริงๆคือใครน้าาา ติ๊กต่อกๆ,2025-10-23 17:59:34,"['มี', 'อ้างอิง', 'มั้ย', ' ', 'ถ้า', 'แค่', 'ความเห็น', 'จาก', 'การท่อง', 'เน็ต', ' ', 'ก็', 'ถือว่า', 'ใช้', 'เน็ต', 'ได้', 'สูญเปล่า', 'มาก', ' ', 'แล้ว', 'การ', 'ที่', 'ผชท', 'รีต', 'ผญคน', 'นึง', 'ไม่', 'ดี', 'แค่', 'เพราะว่า', 'เขา', 'ไม่', 'สวย', ' ', 'ปัญหา', 'จริงๆ', 'คือ', 'ใคร', 'น้า', 'าา', ' ', 'ติ๊ก', 'ต่อ', 'กๆ']"
1975444935248839067,twitter,post,https://x.com/starlightkirano/status/1975444935248839067,text,2025-10-07T06:15:49.000Z,selenium_x_scraper_v1,เราว่าความสวยไม่ใช่วิธีของการทำให้โดนผชทรีตดีนะ คนที่โดนคุกคามทางเพศหลายคนก็สวยครับ เราเลยไม่ซื้อว่า ไม่สวย > ถูกทรีตไม่ดี > เกลียดผช เพราะเช่นเดียวกันเราสามารถใช้หลักการนี้กับชายแท้ที่เป็น misogynist ได้สิครับ ที่ชอบด่าผญ เพราะถูกผญทรีตไม่ดี เป็นผลมาจากหน้าตาที่ไม่ดี เหรอครับ?,เราว่าความสวยไม่ใช่วิธีของการทำให้โดนผชทรีตดีนะ คนที่โดนคุกคามทางเพศหลายคนก็สวยครับ เราเลยไม่ซื้อว่า ไม่สวย > ถูกทรีตไม่ดี > เกลียดผช เพราะเช่นเดียวกันเราสามารถใช้หลักการนี้กับชายแท้ที่เป็น misogynist ได้สิครับ ที่ชอบด่าผญ เพราะถูกผญทรีตไม่ดี เป็นผลมาจากหน้าตาที่ไม่ดี เหรอครับ?,2025-10-23 17:59:34,"['เรา', 'ว่าความ', 'สวย', 'ไม่', 'ใช่', 'วิธี', 'ของ', 'การ', 'ทำให้', 'โดน', 'ผชท', 'รีต', 'ดี', 'นะ', ' ', 'คน', 'ที่', 'โดน', 'คุกคาม', 'ทางเพศ', 'หลาย', 'คน', 'ก็', 'สวย', 'ครับ', ' ', 'เรา', 'เลย', 'ไม่', 'ซื้อ', 'ว่า', ' ', 'ไม่', 'สวย', ' ', 'ถูก', 'ท', 'รีต', 'ไม่', 'ดี', ' ', 'เกลียด', 'ผช', ' ', 'เพราะ', 'เช่นเดียวกัน', 'เรา', 'สามารถ', 'ใช้', 'หลักการ', 'นี้', 'กับ', 'ชาย', 'แท้', 'ที่', 'เป็น', ' ', 'misogynist', ' ', 'ได้', 'สิ', 'ครับ', ' ', 'ที่', 'ชอบ', 'ด่า', 'ผญ', ' ', 'เพราะ', 'ถูก', 'ผญท', 'รีต', 'ไม่', 'ดี', ' ', 'เป็นผล', 'มาจาก', 'หน้าตา', 'ที่', 'ไม่', 'ดี', ' ', 'เหรอ', 'ครับ', '?']"
1975447843826807263,twitter,post,https://x.com/jxl0089x/status/1975447843826807263,text,2025-10-07T06:27:22.000Z,selenium_x_scraper_v1,"็ก็มีเหตุผลครับ แต่ผมว่าความเกลียดชัง ที่ด่ากันทุกวันทั้งมาจากฝ่ายผญ และ ผช มันก็มาจากเรื่องนี้แหละครับ
แต่อาจจะไม่ได้ทั้งหมด","็ก็มีเหตุผลครับ แต่ผมว่าความเกลียดชัง ที่ด่ากันทุกวันทั้งมาจากฝ่ายผญ และ ผช มันก็มาจากเรื่องนี้แหละครับ
แต่อาจจะไม่ได้ทั้งหมด",2025-10-23 17:59:34,"['็', 'ก็', 'มีเหตุผล', 'ครับ', ' ', 'แต่', 'ผม', 'ว่า', 'ความเกลียดชัง', ' ', 'ที่', 'ด่า', 'กัน', 'ทุกวัน', 'ทั้ง', 'มาจาก', 'ฝ่าย', 'ผญ', ' ', 'และ', ' ', 'ผช', ' ', 'มัน', 'ก็', 'มาจาก', 'เรื่อง', 'นี้แหละ', 'ครับ', ' ', 'แต่', 'อาจจะ', 'ไม่', 'ได้', 'ทั้งหมด']"
1975443268273119713,twitter,post,https://x.com/PCHK_FA/status/1975443268273119713,text,2025-10-07T06:09:11.000Z,selenium_x_scraper_v1,ใครด้อยค่าผช.ก่อน มันทำตัวเองกันทั้งนั้นอะ สุดท้ายคนเดือดร้อนคือ 'คนบริสุทธิ์' ที่ไม่รู้เรื่องอะไร ทั้งผญ.และผช.,ใครด้อยค่าผช.ก่อน มันทำตัวเองกันทั้งนั้นอะ สุดท้ายคนเดือดร้อนคือ 'คนบริสุทธิ์' ที่ไม่รู้เรื่องอะไร ทั้งผญ.และผช.,2025-10-23 17:59:34,"['ใคร', 'ด้อยค่า', 'ผช.', 'ก่อน', ' ', 'มัน', 'ทำ', 'ตัวเอง', 'กัน', 'ทั้งนั้น', 'อะ', ' ', 'สุดท้าย', 'คน', 'เดือดร้อน', 'คือ', ' ', ""'"", 'คนบริสุทธิ์', ""'"", ' ', 'ที่', 'ไม่', 'รู้เรื่อง', 'อะไร', ' ', 'ทั้ง', 'ผญ.', 'และ', 'ผช.']"
1975445237935009923,twitter,post,https://x.com/jxl0089x/status/1975445237935009923,text,2025-10-07T06:17:01.000Z,selenium_x_scraper_v1,อันนี้หลับตาข้างเดียวป้ะครับ 5555,อันนี้หลับตาข้างเดียวป้ะครับ 5555,2025-10-23 17:59:34,"['อันนี้', 'หลับตา', 'ข้างเดียว', 'ป้ะ', 'ครับ', ' ', 'หัวเราะ']"
1975443771333746921,twitter,post,https://x.com/jxl0089x/status/1975443771333746921,text,2025-10-07T06:11:11.000Z,selenium_x_scraper_v1,"อ้ะๆ พี่ก็พี่วะ 
ผชรับจบเหมือนเดิม 5555","อ้ะๆ พี่ก็พี่วะ 
ผชรับจบเหมือนเดิม 5555",2025-10-23 17:59:34,"['อ้ะๆ', ' ', 'พี่', 'ก็', 'พี่', 'วะ', ' ', 'ผช', 'รับ', 'จบ', 'เหมือนเดิม', ' ', 'หัวเราะ']"
1975409696254329073,twitter,post,https://x.com/quality_jr9/status/1975409696254329073,text,2025-10-07T03:55:47.000Z,selenium_x_scraper_v1,เสียใจด้วยที่ได้รับผลกระทบจากการวีนแตกของผู้หญิงค่ะ เพราะในมุมมองผู้หญิงที่ด่าคือไม่ใช่ผู้ชายทุกคนแต่ส่วนใหญ่ล้วนเกิดจากเพศชายที่ชอบใช้กำลังทางเพศข่ม ผู้หญิงเองก็ไม่ได้อยากอยู่ในสังคมอย่างหวาดระแวงสุ่มว่าผู้ชายที่เดินข้างหน้ามันจะเหมือนในข่าวเมื่อเช้ามั้ยเหมือนกัน,เสียใจด้วยที่ได้รับผลกระทบจากการวีนแตกของผู้หญิงค่ะ เพราะในมุมมองผู้หญิงที่ด่าคือไม่ใช่ผู้ชายทุกคนแต่ส่วนใหญ่ล้วนเกิดจากเพศชายที่ชอบใช้กำลังทางเพศข่ม ผู้หญิงเองก็ไม่ได้อยากอยู่ในสังคมอย่างหวาดระแวงสุ่มว่าผู้ชายที่เดินข้างหน้ามันจะเหมือนในข่าวเมื่อเช้ามั้ยเหมือนกัน,2025-10-23 17:59:34,"['เสียใจ', 'ด้วย', 'ที่', 'ได้รับ', 'ผลกระทบ', 'จาก', 'การ', 'วีน', 'แตก', 'ของ', 'ผู้หญิง', 'ค่ะ', ' ', 'เพราะ', 'ใน', 'มุมมอง', 'ผู้หญิง', 'ที่', 'ด่า', 'คือ', 'ไม่', 'ใช่', 'ผู้ชาย', 'ทุกคน', 'แต่', 'ส่วนใหญ่', 'ล้วน', 'เกิด', 'จาก', 'เพศชาย', 'ที่', 'ชอบ', 'ใช้กำลัง', 'ทางเพศ', 'ข่ม', ' ', 'ผู้หญิง', 'เอง', 'ก็', 'ไม่', 'ได้', 'อยาก', 'อยู่', 'ใน', 'สังคม', 'อย่าง', 'หวาดระแวง', 'สุ่ม', 'ว่า', 'ผู้ชาย', 'ที่', 'เดิน', 'ข้างหน้า', 'มัน', 'จะ', 'เหมือน', 'ใน', 'ข่าว', 'เมื่อเช้า', 'มั้ย', 'เหมือนกัน']"
1975415835536880100,twitter,post,https://x.com/quality_jr9/status/1975415835536880100,text,2025-10-07T04:20:11.000Z,selenium_x_scraper_v1,ก็ถ้าพี่ไม่ได้เหี้ยก็หลบได้ไงเจ๊ก็เขาด่าพวกเหี้ยอะโอ๊ย,ก็ถ้าพี่ไม่ได้เหี้ยก็หลบได้ไงเจ๊ก็เขาด่าพวกเหี้ยอะโอ๊ย,2025-10-23 17:59:34,"['ก็', 'ถ้า', 'พี่', 'ไม่', 'ได้', 'เหี้ย', 'ก็', 'หลบ', 'ได้', 'ไง', 'เจ๊', 'ก็', 'เขา', 'ด่า', 'พวก', 'เหี้ย', 'อะ', 'โอ๊ย']"
1975418351007768771,twitter,post,https://x.com/jxl0089x/status/1975418351007768771,text,2025-10-07T04:30:11.000Z,selenium_x_scraper_v1,"งั้นพี่อาจจะเหี้ยด้วยแหละ 
อย่าเรียกเจ๊ได้มั้ย เสียศักดิ์ศรีชายแท้","งั้นพี่อาจจะเหี้ยด้วยแหละ 
อย่าเรียกเจ๊ได้มั้ย เสียศักดิ์ศรีชายแท้",2025-10-23 17:59:34,"['งั้น', 'พี่', 'อาจจะ', 'เหี้ย', 'ด้วย', 'แหละ', ' ', 'อย่า', 'เรียก', 'เจ๊', 'ได้', 'มั้ย', ' ', 'เสียศักดิ์ศรี', 'ชาย', 'แท้']"
1975413464408682583,twitter,post,https://x.com/quality_jr9/status/1975413464408682583,text,2025-10-07T04:10:45.000Z,selenium_x_scraper_v1,อันนี้ไม่ทราบว่าเป็นที่ผู้ชายคิดไม่ได้เองรึเปล่า ถ้าไม่ได้เป็นประเภทแบบนั้นจะวิ่งมารับมาเดือดร้อนทำไม ด่าเหมารวมแต่ตัวเองไม่ได้เป็นก็แปลว่าเขาไม่ได้ด่ามึงไง งงไรเนี่ย ให้แยกด่าเป็นตัวๆกี่่ชาติจะด่าหมดก่อนพวกเหี้ยๆมีเป็นแสน,อันนี้ไม่ทราบว่าเป็นที่ผู้ชายคิดไม่ได้เองรึเปล่า ถ้าไม่ได้เป็นประเภทแบบนั้นจะวิ่งมารับมาเดือดร้อนทำไม ด่าเหมารวมแต่ตัวเองไม่ได้เป็นก็แปลว่าเขาไม่ได้ด่ามึงไง งงไรเนี่ย ให้แยกด่าเป็นตัวๆกี่่ชาติจะด่าหมดก่อนพวกเหี้ยๆมีเป็นแสน,2025-10-23 17:59:34,"['อันนี้', 'ไม่', 'ทราบ', 'ว่า', 'เป็นที่', 'ผู้ชาย', 'คิด', 'ไม่', 'ได้', 'เอง', 'รึเปล่า', ' ', 'ถ้า', 'ไม่', 'ได้', 'เป็น', 'ประเภท', 'แบบ', 'นั้น', 'จะ', 'วิ่ง', 'มา', 'รับ', 'มา', 'เดือดร้อน', 'ทำไม', ' ', 'ด่า', 'เหมา', 'รวม', 'แต่', 'ตัวเอง', 'ไม่', 'ได้', 'เป็น', 'ก็', 'แปล', 'ว่า', 'เขา', 'ไม่', 'ได้', 'ด่า', 'มึง', 'ไง', ' ', 'งง', 'ไร', 'เนี่ย', ' ', 'ให้', 'แยก', 'ด่า', 'เป็นตัว', 'ๆ', 'กี่', '่', 'ชาติ', 'จะ', 'ด่า', 'หมด', 'ก่อน', 'พวก', 'เหี้ย', 'ๆ', 'มี', 'เป็น', 'แสน']"
1975415176662032608,twitter,post,https://x.com/jxl0089x/status/1975415176662032608,text,2025-10-07T04:17:34.000Z,selenium_x_scraper_v1,"https://x.com/Kurokero_/status/1975056373252813187…
ให้วิ่งหลบยังไง กุก็ผชมั้ย 5555","https://x.com/Kurokero_/status/1975056373252813187…
ให้วิ่งหลบยังไง กุก็ผชมั้ย 5555",2025-10-23 17:59:34,"['ให้', 'วิ่ง', 'หลบ', 'ยังไง', ' ', 'กุ', 'ก็', 'ผช', 'มั้ย', ' ', 'หัวเราะ']"
1974838759024898483,twitter,post,https://x.com/foyvvf/status/1974838759024898483,text,2025-10-05T14:07:05.000Z,selenium_x_scraper_v1,"ปกติเฟมทวิตก็ against gender equality เหมือนกันนิ
กดชายแท้ฉ่ำ","ปกติเฟมทวิตก็ against gender equality เหมือนกันนิ
กดชายแท้ฉ่ำ",2025-10-23 17:59:34,"['ปกติ', 'เฟม', 'ทวิ', 'ต', 'ก็', ' ', 'against', ' ', 'gender', ' ', 'equality', ' ', 'เหมือนกัน', 'นิ', ' ', 'กด', 'ชาย', 'แท้', 'ฉ่ำ']"
1975407280842764653,twitter,post,https://x.com/mt_tamammooo/status/1975407280842764653,text,2025-10-07T03:46:11.000Z,selenium_x_scraper_v1,ไม่แปลก มันแปลกเพราะพี่เอาแต่ตัวเองเป็นศูนย์กลางจักรวาลไง คิดเอาเองไม่ได้ว่าผญต้องชอบแบบนั้น ผชต้องเป็นแบบนี้ คิดอย่างงี้แปลว่าไม่สวยแปลว่าเป็นเลส โตแล้วยังทำตัวเป็นเด็กๆเอาแต่ใจตัวคิดว่าทั้งโลกต้องเปนแบบที่ตัวเองเข้าใจ ,ไม่แปลก มันแปลกเพราะพี่เอาแต่ตัวเองเป็นศูนย์กลางจักรวาลไง คิดเอาเองไม่ได้ว่าผญต้องชอบแบบนั้น ผชต้องเป็นแบบนี้ คิดอย่างงี้แปลว่าไม่สวยแปลว่าเป็นเลส โตแล้วยังทำตัวเป็นเด็กๆเอาแต่ใจตัวคิดว่าทั้งโลกต้องเปนแบบที่ตัวเองเข้าใจ ,2025-10-23 17:59:34,"['ไม่', 'แปลก', ' ', 'มัน', 'แปลก', 'เพราะ', 'พี่', 'เอาแต่', 'ตัวเอง', 'เป็น', 'ศูนย์กลาง', 'จักรวาล', 'ไง', ' ', 'คิด', 'เอา', 'เอง', 'ไม่', 'ได้', 'ว่า', 'ผญ', 'ต้อง', 'ชอบ', 'แบบ', 'นั้น', ' ', 'ผช', 'ต้อง', 'เป็น', 'แบบนี้', ' ', 'คิด', 'อย่างงี้', 'แปล', 'ว่า', 'ไม่', 'สวย', 'แปล', 'ว่า', 'เป็น', 'เลส', ' ', 'โต', 'แล้ว', 'ยัง', 'ทำตัว', 'เป็น', 'เด็ก', 'ๆ', 'เอาแต่ใจตัว', 'คิด', 'ว่า', 'ทั้งโลก', 'ต้อง', 'เปน', 'แบบ', 'ที่', 'ตัวเอง', 'เข้าใจ']"
1975408360477671876,twitter,post,https://x.com/jxl0089x/status/1975408360477671876,text,2025-10-07T03:50:29.000Z,selenium_x_scraper_v1,"ตบหน้าพี่ทำไม  ก็จริง
แต่หนูก็ judge ผช นะ แค่เหตุการณ์เดียว หนูก็ยังเหมารวมเลย ว่าผช ทุกคน ต้องเป็นแบบนี้","ตบหน้าพี่ทำไม  ก็จริง
แต่หนูก็ judge ผช นะ แค่เหตุการณ์เดียว หนูก็ยังเหมารวมเลย ว่าผช ทุกคน ต้องเป็นแบบนี้",2025-10-23 17:59:34,"['ตบหน้า', 'พี่', 'ทำไม', ' ', 'ก็', 'จริง', ' ', 'แต่', 'หนู', 'ก็', ' ', 'judge', ' ', 'ผช', ' ', 'นะ', ' ', 'แค่', 'เหตุการณ์', 'เดียว', ' ', 'หนู', 'ก็', 'ยัง', 'เหมา', 'รวม', 'เลย', ' ', 'ว่า', 'ผช', ' ', 'ทุกคน', ' ', 'ต้อง', 'เป็น', 'แบบนี้']"
1975397726524481633,twitter,post,https://x.com/quality_jr9/status/1975397726524481633,text,2025-10-07T03:08:13.000Z,selenium_x_scraper_v1,เลสเบียนส่วนใหญ่ก็เพี้ยนจริงแหละ แต่ข่าวผู้หญิงโดนกระทำมันเกิดจากที่ชายแท้ควบคุมควยไม่ได้ไม่ใช่หรอเจ๊ เกี่ยวรัยกับพวกหนุง่ะ ไม่ไปสั่งสอนกันเองว่าผู้หญิงชอบผู้ชายใจดีคุมควยตัวเองได้ลูบปุ้ปุ้ดีมากคนเก่งของป่ะป๊า,เลสเบียนส่วนใหญ่ก็เพี้ยนจริงแหละ แต่ข่าวผู้หญิงโดนกระทำมันเกิดจากที่ชายแท้ควบคุมควยไม่ได้ไม่ใช่หรอเจ๊ เกี่ยวรัยกับพวกหนุง่ะ ไม่ไปสั่งสอนกันเองว่าผู้หญิงชอบผู้ชายใจดีคุมควยตัวเองได้ลูบปุ้ปุ้ดีมากคนเก่งของป่ะป๊า,2025-10-23 17:59:34,"['เลส', 'เบียน', 'ส่วนใหญ่', 'ก็', 'เพี้ยน', 'จริง', 'แหละ', ' ', 'แต่', 'ข่าว', 'ผู้หญิง', 'โดน', 'กระทำ', 'มัน', 'เกิด', 'จาก', 'ที่', 'ชาย', 'แท้', 'ควบคุม', 'ควย', 'ไม่', 'ได้', 'ไม่', 'ใช่', 'หรอ', 'เจ๊', ' ', 'เกี่ยว', 'รัย', 'กับ', 'พวก', 'หนุ', 'ง่ะ', ' ', 'ไม่', 'ไป', 'สั่งสอน', 'กันเอง', 'ว่า', 'ผู้หญิง', 'ชอบ', 'ผู้ชาย', 'ใจดี', 'คุม', 'ควย', 'ตัวเอง', 'ได้', 'ลูบ', 'ปุ้ปุ้', 'ดีมาก', 'คนเก่ง', 'ของ', 'ป่ะ', 'ป๊า']"
1975383622392947106,twitter,post,https://x.com/quality_jr9/status/1975383622392947106,text,2025-10-07T02:12:11.000Z,selenium_x_scraper_v1,นี่ไม่ให้ค่าพวกเสียดายไม่เสียดายเพราะมั่นใจว่าหาเมียได้สวยกว่าพี่สุดๆ ไม่เคยด้อยค่าผู้ชายที่ให้เกียรติผู้หญิงอยู่แล้วแต่ประเภทอย่างคุณพี่คือแม้แต่หีแม่ตัวเองก็คงไม่เคารพมั้งดูทรง,นี่ไม่ให้ค่าพวกเสียดายไม่เสียดายเพราะมั่นใจว่าหาเมียได้สวยกว่าพี่สุดๆ ไม่เคยด้อยค่าผู้ชายที่ให้เกียรติผู้หญิงอยู่แล้วแต่ประเภทอย่างคุณพี่คือแม้แต่หีแม่ตัวเองก็คงไม่เคารพมั้งดูทรง,2025-10-23 17:59:34,"['นี่', 'ไม่', 'ให้', 'ค่า', 'พวก', 'เสียดาย', 'ไม่', 'เสียดาย', 'เพราะ', 'มั่นใจ', 'ว่า', 'หา', 'เมีย', 'ได้', 'สวย', 'กว่า', 'พี่', 'สุด', 'ๆ', ' ', 'ไม่', 'เคย', 'ด้อยค่า', 'ผู้ชาย', 'ที่', 'ให้เกียรติ', 'ผู้หญิง', 'อยู่', 'แล้วแต่', 'ประเภท', 'อย่าง', 'คุณ', 'พี่', 'คือ', 'แม้แต่', 'หี', 'แม่', 'ตัวเอง', 'ก็', 'คง', 'ไม่', 'เคารพ', 'มั้ง', 'ดู', 'ทรง']"
1975394335572304137,twitter,post,https://x.com/quality_jr9/status/1975394335572304137,text,2025-10-07T02:54:45.000Z,selenium_x_scraper_v1,คบกันเองเพราะชอบกันเองนะคะป้องกันเข้าใจผิด ส่วนผู้ชายที่ยังชอบผู้หญิงก็อาจจะแย่หน่อยเพราะผู้หญิงโดยส่วนมากคงไม่เอาคนประเภทแบบพี่ทำพันธุ์โดยที่ยังลืมหูลืมตาอยู่,คบกันเองเพราะชอบกันเองนะคะป้องกันเข้าใจผิด ส่วนผู้ชายที่ยังชอบผู้หญิงก็อาจจะแย่หน่อยเพราะผู้หญิงโดยส่วนมากคงไม่เอาคนประเภทแบบพี่ทำพันธุ์โดยที่ยังลืมหูลืมตาอยู่,2025-10-23 17:59:34,"['คบ', 'กันเอง', 'เพราะ', 'ชอบ', 'กันเอง', 'นะคะ', 'ป้องกัน', 'เข้าใจผิด', ' ', 'ส่วน', 'ผู้ชาย', 'ที่', 'ยัง', 'ชอบ', 'ผู้หญิง', 'ก็', 'อาจจะ', 'แย่', 'หน่อย', 'เพราะ', 'ผู้หญิง', 'โดยส่วนมาก', 'คง', 'ไม่', 'เอา', 'คน', 'ประเภท', 'แบบ', 'พี่', 'ทำ', 'พันธุ์', 'โดยที่', 'ยัง', 'ลืมหูลืมตา', 'อยู่']"
1975396682046284111,twitter,post,https://x.com/jxl0089x/status/1975396682046284111,text,2025-10-07T03:04:04.000Z,selenium_x_scraper_v1,"แต่ทำไม ยังเห็นข่าวผญ โดนกระทำอยู่เลยหล่ะ
ผญบางคนยังแซะ พวกเลสอยู่เลยว่า ส่วนใหญ่พวกนี้จะเพี้ยนๆ 5555 จริงมั้ยครับ?","แต่ทำไม ยังเห็นข่าวผญ โดนกระทำอยู่เลยหล่ะ
ผญบางคนยังแซะ พวกเลสอยู่เลยว่า ส่วนใหญ่พวกนี้จะเพี้ยนๆ 5555 จริงมั้ยครับ?",2025-10-23 17:59:34,"['แต่', 'ทำไม', ' ', 'ยัง', 'เห็น', 'ข่าว', 'ผญ', ' ', 'โดน', 'กระทำ', 'อยู่เลย', 'หล่ะ', ' ', 'ผญ', 'บางคน', 'ยัง', 'แซะ', ' ', 'พวก', 'เลส', 'อยู่เลย', 'ว่า', ' ', 'ส่วนใหญ่', 'พวก', 'นี้', 'จะ', 'เพี้ยน', 'ๆ', ' ', 'หัวเราะ', ' ', 'จริง', 'มั้ย', 'ครับ', '?']"
1975391381565960222,twitter,post,https://x.com/mt_tamammooo/status/1975391381565960222,text,2025-10-07T02:43:01.000Z,selenium_x_scraper_v1,โลกของผชตรรกะเพี้ยน คิดไรไม่ค่อยเป็นเรื่องง่ายๆยังโยงมั่วซั่ว ก็make sense ka ,โลกของผชตรรกะเพี้ยน คิดไรไม่ค่อยเป็นเรื่องง่ายๆยังโยงมั่วซั่ว ก็make sense ka ,2025-10-23 17:59:34,"['โลก', 'ของ', 'ผช', 'ตรรกะ', 'เพี้ยน', ' ', 'คิด', 'ไร', 'ไม่ค่อย', 'เป็นเรื่อง', 'ง่ายๆ', 'ยัง', 'โยง', 'มั่วซั่ว', ' ', 'ก็', 'make', ' ', 'sense', ' ', 'ka']"
1975392694781551085,twitter,post,https://x.com/jxl0089x/status/1975392694781551085,text,2025-10-07T02:48:14.000Z,selenium_x_scraper_v1,"มั่วซั่วยังไงง เคยเห็นพวกคนสวยๆ (แบบ beauty standard นะ ) ออกมาด่าผช มั้ย ? คนพวกนี้ได้รับ privilage จากผชสุดๆ จะมีเหตุผลอะไร ที่เค้าจะเกลียกผชหล่ะ ถูกมะ
อันนี้ make sense ยัง","มั่วซั่วยังไงง เคยเห็นพวกคนสวยๆ (แบบ beauty standard นะ ) ออกมาด่าผช มั้ย ? คนพวกนี้ได้รับ privilage จากผชสุดๆ จะมีเหตุผลอะไร ที่เค้าจะเกลียกผชหล่ะ ถูกมะ
อันนี้ make sense ยัง",2025-10-23 17:59:34,"['มั่วซั่ว', 'ยังไง', 'ง', ' ', 'เคย', 'เห็น', 'พวก', 'คนสวย', 'ๆ', ' ', 'แบบ', ' ', 'beauty', ' ', 'standard', ' ', 'นะ', ' ', 'ออกมา', 'ด่า', 'ผช', ' ', 'มั้ย', ' ', '?', ' ', 'คน', 'พวก', 'นี้', 'ได้รับ', ' ', 'privilage', ' ', 'จาก', 'ผช', 'สุด', 'ๆ', ' ', 'จะ', 'มีเหตุผล', 'อะไร', ' ', 'ที่', 'เค้า', 'จะ', 'เกลียกผช', 'หล่ะ', ' ', 'ถูก', 'มะ', ' ', 'อันนี้', ' ', 'make', ' ', 'sense', ' ', 'ยัง']"
1975389843636297769,twitter,post,https://x.com/quality_jr9/status/1975389843636297769,text,2025-10-07T02:36:54.000Z,selenium_x_scraper_v1,โน นี่ให้ชายหญิงแพลนเอเท่ากันหมดแต่เป็นแพลนเอที่ชอบกับที่ไม่ชอบแค่นั้น อย่าเศร้าเลยพี่ชายเพราะหนูเลี้ยงดูเพศชายได้เท่ากับผู้หญิงนั่นแหละ ทุกคนมีค่าเท่ากันยกเว้นพวกลืมบุญคุณหี ,โน นี่ให้ชายหญิงแพลนเอเท่ากันหมดแต่เป็นแพลนเอที่ชอบกับที่ไม่ชอบแค่นั้น อย่าเศร้าเลยพี่ชายเพราะหนูเลี้ยงดูเพศชายได้เท่ากับผู้หญิงนั่นแหละ ทุกคนมีค่าเท่ากันยกเว้นพวกลืมบุญคุณหี ,2025-10-23 17:59:34,"['โน', ' ', 'นี่', 'ให้', 'ชาย', 'หญิง', 'แพลน', 'เอ', 'เท่ากัน', 'หมด', 'แต่', 'เป็น', 'แพลน', 'เอ', 'ที่', 'ชอบ', 'กับ', 'ที่', 'ไม่', 'ชอบ', 'แค่นั้น', ' ', 'อย่า', 'เศร้า', 'เลย', 'พี่ชาย', 'เพราะ', 'หนู', 'เลี้ยงดู', 'เพศชาย', 'ได้', 'เท่ากับ', 'ผู้หญิง', 'นั่นแหละ', ' ', 'ทุกคน', 'มีค่า', 'เท่ากัน', 'ยกเว้น', 'พวก', 'ลืม', 'บุญคุณ', 'หี']"
1975391818599833689,twitter,post,https://x.com/jxl0089x/status/1975391818599833689,text,2025-10-07T02:44:45.000Z,selenium_x_scraper_v1,"แสดงว่า หนูก็เป็นไบ แต่ก็มา บอกไม่ชอบผช 
ไม่แปลกหรอกก ผชเค้าก็ไปชอบกันเองเยอะแยะ ผญที่เหลือจะทำไงละ ถูกมะ ก็ต้องคบกันเองนี่แหละ","แสดงว่า หนูก็เป็นไบ แต่ก็มา บอกไม่ชอบผช 
ไม่แปลกหรอกก ผชเค้าก็ไปชอบกันเองเยอะแยะ ผญที่เหลือจะทำไงละ ถูกมะ ก็ต้องคบกันเองนี่แหละ",2025-10-23 17:59:34,"['แสดงว่า', ' ', 'หนู', 'ก็', 'เป็น', 'ไบ', ' ', 'แต่', 'ก็', 'มา', ' ', 'บอก', 'ไม่', 'ชอบ', 'ผช', ' ', 'ไม่', 'แปลก', 'หรอ', 'กก', ' ', 'ผช', 'เค้า', 'ก็', 'ไป', 'ชอบ', 'กันเอง', 'เยอะแยะ', ' ', 'ผญ', 'ที่', 'เหลือ', 'จะ', 'ทำ', 'ไง', 'ละ', ' ', 'ถูก', 'มะ', ' ', 'ก็', 'ต้อง', 'คบ', 'กันเอง', 'นี่แหละ']"
1975388547713802434,twitter,post,https://x.com/mt_tamammooo/status/1975388547713802434,text,2025-10-07T02:31:45.000Z,selenium_x_scraper_v1,สวยกว่าแฟนคุณพรี่อะค่ะ ,สวยกว่าแฟนคุณพรี่อะค่ะ ,2025-10-23 17:59:34,"['สวย', 'กว่า', 'แฟน', 'คุณ', 'พ', 'รี่', 'อะ', 'ค่ะ']"
1975389879329784144,twitter,post,https://x.com/jxl0089x/status/1975389879329784144,text,2025-10-07T02:37:02.000Z,selenium_x_scraper_v1,อาจจะยังน้า แฟนพี่สวยที่สุดในโลก,อาจจะยังน้า แฟนพี่สวยที่สุดในโลก,2025-10-23 17:59:34,"['อาจจะ', 'ยัง', 'น้า', ' ', 'แฟน', 'พี่', 'สวย', 'ที่สุด', 'ใน', 'โลก']"
1975385508537843828,twitter,post,https://x.com/quality_jr9/status/1975385508537843828,text,2025-10-07T02:19:40.000Z,selenium_x_scraper_v1,เสียใจด้วยที่ทำให้คิดว่าเวอร์จิ้น เพราะเคยผ่านควยมาแล้วแต่ไม่ถูกใจเลยค้นพบความจริงว่าเย้ดหีมันฟินกว่านั้นมากกกกกกก,เสียใจด้วยที่ทำให้คิดว่าเวอร์จิ้น เพราะเคยผ่านควยมาแล้วแต่ไม่ถูกใจเลยค้นพบความจริงว่าเย้ดหีมันฟินกว่านั้นมากกกกกกก,2025-10-23 17:59:34,"['เสียใจ', 'ด้วย', 'ที่', 'ทำให้', 'คิด', 'ว่า', 'เวอร์จิ้น', ' ', 'เพราะ', 'เคย', 'ผ่าน', 'ควย', 'มา', 'แล้วแต่', 'ไม่', 'ถูกใจ', 'เลย', 'ค้นพบ', 'ความจริง', 'ว่า', 'เย้', 'ด', 'หี', 'มัน', 'ฟิน', 'กว่า', 'นั้น', 'มาก', 'กก', 'กก', 'กก']"
1975386617532887391,twitter,post,https://x.com/jxl0089x/status/1975386617532887391,text,2025-10-07T02:24:05.000Z,selenium_x_scraper_v1,"ส่วนใหญ่เลย Trauma คือ เคยเจ็บกับผช มา
แล้วไปคบ ผญด้วยกัน 
ทำไมฟังแล้วดูเศร้าๆ เหมือนเค้าเป็น PlanB สำหรับพวกคุณเลย ถ้าคุณไม่ชอบผช จริง คุณน่าจะคบผญด้วยกันตั้งแต่แรก","ส่วนใหญ่เลย Trauma คือ เคยเจ็บกับผช มา
แล้วไปคบ ผญด้วยกัน 
ทำไมฟังแล้วดูเศร้าๆ เหมือนเค้าเป็น PlanB สำหรับพวกคุณเลย ถ้าคุณไม่ชอบผช จริง คุณน่าจะคบผญด้วยกันตั้งแต่แรก",2025-10-23 17:59:34,"['ส่วนใหญ่', 'เลย', ' ', 'trauma', ' ', 'คือ', ' ', 'เคย', 'เจ็บ', 'กับ', 'ผช', ' ', 'มา', ' ', 'แล้วไป', 'คบ', ' ', 'ผญ', 'ด้วยกัน', ' ', 'ทำไม', 'ฟัง', 'แล้ว', 'ดู', 'เศร้า', 'ๆ', ' ', 'เหมือน', 'เค้า', 'เป็น', ' ', 'planb', ' ', 'สำหรับ', 'พวกคุณ', 'เลย', ' ', 'ถ้า', 'คุณ', 'ไม่', 'ชอบ', 'ผช', ' ', 'จริง', ' ', 'คุณ', 'น่าจะ', 'คบ', 'ผญ', 'ด้วยกัน', 'ตั้งแต่แรก']"
1975384873029542257,twitter,post,https://x.com/_vanillaroses/status/1975384873029542257,text,2025-10-07T02:17:09.000Z,selenium_x_scraper_v1,ติดหล่มเว่อชีวิตมันมีแค่นี้จริงๆ 5555555555555555555555555555555555555555555,ติดหล่มเว่อชีวิตมันมีแค่นี้จริงๆ 5555555555555555555555555555555555555555555,2025-10-23 17:59:34,"['ติดหล่ม', 'เว่อ', 'ชีวิต', 'มัน', 'มี', 'แค่นี้', 'จริงๆ', ' ', 'หัวเราะ']"
1975385412534427748,twitter,post,https://x.com/jxl0089x/status/1975385412534427748,text,2025-10-07T02:19:17.000Z,selenium_x_scraper_v1,"ใครบอกผมใช้ควยนำทางไม่จริงนะ
ใช้หี นำทางครับ55555","ใครบอกผมใช้ควยนำทางไม่จริงนะ
ใช้หี นำทางครับ55555",2025-10-23 17:59:34,"['ใคร', 'บอก', 'ผม', 'ใช้', 'ควย', 'นำทาง', 'ไม่', 'จริง', 'นะ', ' ', 'ใช้', 'หี', ' ', 'นำทาง', 'ครับ', 'หัวเราะ']"
1975382083116884169,twitter,post,https://x.com/quality_jr9/status/1975382083116884169,text,2025-10-07T02:06:04.000Z,selenium_x_scraper_v1,แต่เถียงกับชายแท้สนุกดีนะ นี่ชอบ คลายเครียดเวลางานได้ดีทีเดียว,แต่เถียงกับชายแท้สนุกดีนะ นี่ชอบ คลายเครียดเวลางานได้ดีทีเดียว,2025-10-23 17:59:34,"['แต่', 'เถียง', 'กับ', 'ชาย', 'แท้', 'สนุก', 'ดี', 'นะ', ' ', 'นี่', 'ชอบ', ' ', 'คลายเครียด', 'เวลา', 'งาน', 'ได้ดี', 'ทีเดียว']"
1975384499069567251,twitter,post,https://x.com/jxl0089x/status/1975384499069567251,text,2025-10-07T02:15:40.000Z,selenium_x_scraper_v1,เหมืนกันครับบ ถือว่า discuss กันละกันเนอะ ,เหมืนกันครับบ ถือว่า discuss กันละกันเนอะ ,2025-10-23 17:59:34,"['เห', 'มืน', 'กัน', 'ครับ', 'บ', ' ', 'ถือว่า', ' ', 'discuss', ' ', 'กัน', 'ละ', 'กัน', 'เนอะ']"
1975384163160367194,twitter,post,https://x.com/jxl0089x/status/1975384163160367194,text,2025-10-07T02:14:20.000Z,selenium_x_scraper_v1,"อู้วว หาเมียได้สวยกว่าผช? 5555
แล้วยังไงต่อ เห็นหลายคน วันนึงก็กลับไปคบผช นะ
พวกผช ชอบเล้ย เวอร์จิ้นๆ (เพราะนิ้วไม่นับ)","อู้วว หาเมียได้สวยกว่าผช? 5555
แล้วยังไงต่อ เห็นหลายคน วันนึงก็กลับไปคบผช นะ
พวกผช ชอบเล้ย เวอร์จิ้นๆ (เพราะนิ้วไม่นับ)",2025-10-23 17:59:34,"['อู้', 'วว', ' ', 'หา', 'เมีย', 'ได้', 'สวย', 'กว่า', 'ผช', '?', ' ', 'หัวเราะ', ' ', 'แล้ว', 'ยังไง', 'ต่อ', ' ', 'เห็น', 'หลาย', 'คน', ' ', 'วัน', 'นึง', 'ก็', 'กลับ', 'ไป', 'คบ', 'ผช', ' ', 'นะ', ' ', 'พวก', 'ผช', ' ', 'ชอบ', 'เล้ย', ' ', 'เวอร์จิ้น', 'ๆ', ' ', 'เพราะ', 'นิ้ว', 'ไม่', 'นับ']"
1975177735296459153,twitter,post,https://x.com/quality_jr9/status/1975177735296459153,text,2025-10-06T12:34:03.000Z,selenium_x_scraper_v1,จริงมาก ผู้ชายส่วนใหญ่นอกจากทรีทไม่ดียังหน้าเหี้ยหลงตัวเองมั่นควย เลยมีปมว่าผู้หญิงต้องการนู่นนี่นั่นจากตัวเอง,จริงมาก ผู้ชายส่วนใหญ่นอกจากทรีทไม่ดียังหน้าเหี้ยหลงตัวเองมั่นควย เลยมีปมว่าผู้หญิงต้องการนู่นนี่นั่นจากตัวเอง,2025-10-23 17:59:34,"['จริง', 'มาก', ' ', 'ผู้ชาย', 'ส่วนใหญ่', 'นอกจาก', 'ท', 'รี', 'ท', 'ไม่', 'ดี', 'ยัง', 'หน้า', 'เหี้ย', 'หลงตัวเอง', 'มั่น', 'ควย', ' ', 'เลย', 'มี', 'ปม', 'ว่า', 'ผู้หญิง', 'ต้องการ', 'นู่น', 'นี่', 'นั่น', 'จาก', 'ตัวเอง']"
1975382243989463142,twitter,post,https://x.com/quality_jr9/status/1975382243989463142,text,2025-10-07T02:06:42.000Z,selenium_x_scraper_v1,ก็ชอบหีอะค่ะพี่ ใครจถลดตัวไปคบกับเพศที่แม้แต่ควยตัวเองก็ยังไม่ล้าง,ก็ชอบหีอะค่ะพี่ ใครจถลดตัวไปคบกับเพศที่แม้แต่ควยตัวเองก็ยังไม่ล้าง,2025-10-23 17:59:34,"['ก็', 'ชอบ', 'หี', 'อะ', 'ค่ะ', 'พี่', ' ', 'ใคร', 'จถ', 'ลดตัว', 'ไป', 'คบ', 'กับ', 'เพศ', 'ที่', 'แม้แต่', 'ควย', 'ตัวเอง', 'ก็', 'ยัง', 'ไม่', 'ล้าง']"
1975383201511342582,twitter,post,https://x.com/jxl0089x/status/1975383201511342582,text,2025-10-07T02:10:30.000Z,selenium_x_scraper_v1,"เรื่องปกตินะครับ ทุกวันนี้ ความหลากหลายทางเพศ
แต่ไม่เข้าใจพวก ญญ คบกัน แต่ทำไมต้องมาด้อยค่าผช555
ถ้า สวย เดี๋ยวจะเสียดายให้นะ แต่ถ้าไม่สวยก็เชิญคบกันเลยจ้า","เรื่องปกตินะครับ ทุกวันนี้ ความหลากหลายทางเพศ
แต่ไม่เข้าใจพวก ญญ คบกัน แต่ทำไมต้องมาด้อยค่าผช555
ถ้า สวย เดี๋ยวจะเสียดายให้นะ แต่ถ้าไม่สวยก็เชิญคบกันเลยจ้า",2025-10-23 17:59:34,"['เรื่อง', 'ปกติ', 'นะ', 'ครับ', ' ', 'ทุกวันนี้', ' ', 'ความหลากหลาย', 'ทางเพศ', ' ', 'แต่', 'ไม่', 'เข้าใจ', 'พวก', ' ', 'ญญ', ' ', 'คบ', 'กัน', ' ', 'แต่', 'ทำไม', 'ต้อง', 'มา', 'ด้อยค่า', 'ผช', 'หัวเราะ', ' ', 'ถ้า', ' ', 'สวย', ' ', 'เดี๋ยว', 'จะ', 'เสียดาย', 'ให้', 'นะ', ' ', 'แต่', 'ถ้า', 'ไม่', 'สวย', 'ก็', 'เชิญ', 'คบ', 'กัน', 'เลย', 'จ้า']"
1975381607138927029,twitter,post,https://x.com/quality_jr9/status/1975381607138927029,text,2025-10-07T02:04:10.000Z,selenium_x_scraper_v1,อ๋อนี่ไม่เคยอกหักจากผู้ชายอ่า ไม่มีค่าพอ,อ๋อนี่ไม่เคยอกหักจากผู้ชายอ่า ไม่มีค่าพอ,2025-10-23 17:59:34,"['อ๋อ', 'นี่', 'ไม่', 'เคย', 'อกหัก', 'จาก', 'ผู้ชาย', 'อ่า', ' ', 'ไม่', 'มีค่า', 'พอ']"
1975382018486902906,twitter,post,https://x.com/jxl0089x/status/1975382018486902906,text,2025-10-07T02:05:48.000Z,selenium_x_scraper_v1,อูวววคนสวย หรือจริงๆ เพราะคบแต่กับผญ ,อูวววคนสวย หรือจริงๆ เพราะคบแต่กับผญ ,2025-10-23 17:59:34,"['อู', 'ววว', 'คนสวย', ' ', 'หรือ', 'จริงๆ', ' ', 'เพราะ', 'คบ', 'แต่', 'กับ', 'ผญ']"
1975380150876577915,twitter,post,https://x.com/jxl0089x/status/1975380150876577915,text,2025-10-07T01:58:23.000Z,selenium_x_scraper_v1,"ไม่หรอกคุณ แต่ลองคิดในมุมง่ายๆ ถ้าคุณสวย beauty standard ชีวิตนี้คุณจะมี privilage มากมายโดยเฉพาะจากพวกผช ฉะนั้นพวกนั้นเค้าเลยไม่เกลียดผช เก๊ตมะ?
ส่วนการ treat ผญ อันนี้ก็แล้วแต่คนนะ เหี้ยก็ว่าไปตามเหี้ย","ไม่หรอกคุณ แต่ลองคิดในมุมง่ายๆ ถ้าคุณสวย beauty standard ชีวิตนี้คุณจะมี privilage มากมายโดยเฉพาะจากพวกผช ฉะนั้นพวกนั้นเค้าเลยไม่เกลียดผช เก๊ตมะ?
ส่วนการ treat ผญ อันนี้ก็แล้วแต่คนนะ เหี้ยก็ว่าไปตามเหี้ย",2025-10-23 17:59:34,"['ไม่', 'หรอก', 'คุณ', ' ', 'แต่', 'ลอง', 'คิด', 'ใน', 'มุม', 'ง่ายๆ', ' ', 'ถ้า', 'คุณ', 'สวย', ' ', 'beauty', ' ', 'standard', ' ', 'ชีวิต', 'นี้', 'คุณ', 'จะ', 'มี', ' ', 'privilage', ' ', 'มากมาย', 'โดยเฉพาะ', 'จาก', 'พวก', 'ผช', ' ', 'ฉะนั้น', 'พวก', 'นั้น', 'เค้า', 'เลย', 'ไม่', 'เกลียด', 'ผช', ' ', 'เก๊', 'ต', 'มะ', '?', ' ', 'ส่วน', 'การ', ' ', 'treat', ' ', 'ผญ', ' ', 'อันนี้', 'ก็แล้วแต่', 'คน', 'นะ', ' ', 'เหี้ย', 'ก็', 'ว่า', 'ไป', 'ตาม', 'เหี้ย']"
1975186324727779328,twitter,post,https://x.com/cloudsd20x/status/1975186324727779328,text,2025-10-06T13:08:11.000Z,selenium_x_scraper_v1,"Yep, congratulations… to the feminist","Yep, congratulations… to the feminist",2025-10-23 17:59:34,"['yep', ',', ' ', 'congratulations', ' ', 'to', ' ', 'the', ' ', 'feminist']"
1975375533652520985,twitter,post,https://x.com/jxl0089x/status/1975375533652520985,text,2025-10-07T01:40:02.000Z,selenium_x_scraper_v1,who said im a feminist? i actually hate that shit ,who said im a feminist? i actually hate that shit ,2025-10-23 17:59:34,"['who', ' ', 'said', ' ', 'im', ' ', 'a', ' ', 'feminist', '?', ' ', 'i', ' ', 'actually', ' ', 'hate', ' ', 'that', ' ', 'shit']"
1975235779254456639,twitter,post,https://x.com/mt_tamammooo/status/1975235779254456639,text,2025-10-06T16:24:42.000Z,selenium_x_scraper_v1,,,2025-10-23 17:59:34,[]
1975375163379306934,twitter,post,https://x.com/jxl0089x/status/1975375163379306934,text,2025-10-07T01:38:34.000Z,selenium_x_scraper_v1,แล้วที่ดิ้น นี้ ไม่สวยหรือป่าว,แล้วที่ดิ้น นี้ ไม่สวยหรือป่าว,2025-10-23 17:59:34,"['แล้ว', 'ที่', 'ดิ้น', ' ', 'นี้', ' ', 'ไม่', 'สวย', 'หรือ', 'ป่าว']"
1975371381740347604,twitter,post,https://x.com/quality_jr9/status/1975371381740347604,text,2025-10-07T01:23:32.000Z,selenium_x_scraper_v1,โง่ป่าวให้อ่านอีกที,โง่ป่าวให้อ่านอีกที,2025-10-23 17:59:34,"['โง่', 'ป่าว', 'ให้', 'อ่าน', 'อีกที']"
1975371854107058524,twitter,post,https://x.com/jxl0089x/status/1975371854107058524,text,2025-10-07T01:25:25.000Z,selenium_x_scraper_v1,ที่มาดิ้น ก็เหมือนยอมรับแล้วว55555555,ที่มาดิ้น ก็เหมือนยอมรับแล้วว55555555,2025-10-23 17:59:34,"['ที่มา', 'ดิ้น', ' ', 'ก็', 'เหมือน', 'ยอมรับ', 'แล้ว', 'ว', 'หัวเราะ']"
