id,platform,platform_type,url,content_type,timestamp,scraper_module,text,raw_text,scrape_date
UgzVpd3nxjYG-o1_0ux4AaABAg,youtube,video,https://www.youtube.com/watch?v=bQoVZe4Ohbo,comment,2025-09-12 00:00:00,yt-dlp,พวกชายแทร่ ไม่ค่อยมีเมียหรอก ดีดเกิน… พวกที่บาลานซ์ความเป็นผู้นำกับความเคารพและให้เกียรติผู้หญิงได้นี่ แย่งกันชิบหาย ให้เป็นน้อยผญ บ้างคนก็ยอม 😂,พวกชายแทร่ ไม่ค่อยมีเมียหรอก ดีดเกิน… พวกที่บาลานซ์ความเป็นผู้นำกับความเคารพและให้เกียรติผู้หญิงได้นี่ แย่งกันชิบหาย ให้เป็นน้อยผญ บ้างคนก็ยอม 😂,2025-10-11 21:42:43
UgxslkghR66vrBrHVlZ4AaABAg,youtube,video,https://www.youtube.com/watch?v=bQoVZe4Ohbo,comment,2025-09-12 00:00:00,yt-dlp,"พูดเรื่องสิทธิ์แล้วตลกมาก บอกว่าผู้ชายเสียเปรียบผญ.เรื่องสิทธิ์ โคตรจะ bias
ในสังคมปัจจุบันยังเป็นโครงสร้างชายเป็นใหญ่อยู่ นอกจากดูบริบทบ้านตัวเองแล้วควรจะมองไปให้ไกลกว่าตัวเองด้วย  เรื่องที่เป็นพ้อยท์หลักคือการให้คุณค่าเรื่องเพศ ปัจจุบันคนยังตามหาผู้หญิงที่เพรียบพร้อมทำงานบ้านอยู่เลย ผู้หญิงก็ยังคงต้องทำงานบ้านแบบฟรีๆ แถมยังต้องออกไปทำงานข้างนอก ในที่ทำงานผช.ก็ถูกตั้งแง่น้อยกว่าหรือมองที่ performance มากกว่าผญ. 
แล้วการที่ผช.เหนื่อยกว่าต้องรับผิดชอบหลายอย่างกว่าก็ไม่ได้แปลว่าผช.ไม่ได้มีสิทธิ์เหนือกว่าในสังคม คือตีความผิดไปมาก  การที่มีความรับผิดชอบมากกว่าก็อาจจะมาจากพื้นฐานที่มองว่าผช.เหนือกว่า สามารถจัดการสิ่งต่างๆได้ดีกว่าก็ได้ สังคมชายเป็นใหญ่ไม่ได้ส่งผลเสียแต่เฉะาะกับผญ. แต่ก็ส่งผลกระทบต่อผช.เองด้วย (โดยเฉพาะผช.สมัยใหม่ที่มีความ feminine สูง)
ซึ่งไอ้ patriarchy มันกำลังสั่นคลอนและถูกลดอำนาจก็จริง แต่ไม่ได้แปลว่ามันเปลี่ยนไป/หายไปแล้วเหมือนที่พูดในคลิป","พูดเรื่องสิทธิ์แล้วตลกมาก บอกว่าผู้ชายเสียเปรียบผญ.เรื่องสิทธิ์ โคตรจะ bias
ในสังคมปัจจุบันยังเป็นโครงสร้างชายเป็นใหญ่อยู่ นอกจากดูบริบทบ้านตัวเองแล้วควรจะมองไปให้ไกลกว่าตัวเองด้วย  เรื่องที่เป็นพ้อยท์หลักคือการให้คุณค่าเรื่องเพศ ปัจจุบันคนยังตามหาผู้หญิงที่เพรียบพร้อมทำงานบ้านอยู่เลย ผู้หญิงก็ยังคงต้องทำงานบ้านแบบฟรีๆ แถมยังต้องออกไปทำงานข้างนอก ในที่ทำงานผช.ก็ถูกตั้งแง่น้อยกว่าหรือมองที่ performance มากกว่าผญ. 
แล้วการที่ผช.เหนื่อยกว่าต้องรับผิดชอบหลายอย่างกว่าก็ไม่ได้แปลว่าผช.ไม่ได้มีสิทธิ์เหนือกว่าในสังคม คือตีความผิดไปมาก  การที่มีความรับผิดชอบมากกว่าก็อาจจะมาจากพื้นฐานที่มองว่าผช.เหนือกว่า สามารถจัดการสิ่งต่างๆได้ดีกว่าก็ได้ สังคมชายเป็นใหญ่ไม่ได้ส่งผลเสียแต่เฉะาะกับผญ. แต่ก็ส่งผลกระทบต่อผช.เองด้วย (โดยเฉพาะผช.สมัยใหม่ที่มีความ feminine สูง)
ซึ่งไอ้ patriarchy มันกำลังสั่นคลอนและถูกลดอำนาจก็จริง แต่ไม่ได้แปลว่ามันเปลี่ยนไป/หายไปแล้วเหมือนที่พูดในคลิป",2025-10-11 21:42:43
UgzEZ2VJyX1HHYlx-3x4AaABAg,youtube,video,https://www.youtube.com/watch?v=bQoVZe4Ohbo,comment,2025-09-12 00:00:00,yt-dlp,Woman ☕,Woman ☕,2025-10-11 21:42:43
UgwRYxqPk2-w8VHTy0B4AaABAg,youtube,video,https://www.youtube.com/watch?v=bQoVZe4Ohbo,comment,2025-08-12 00:00:00,yt-dlp,อยากได้ทาสครับไม่ได้อยากให้ผู้ชายเป็นใหญ่,อยากได้ทาสครับไม่ได้อยากให้ผู้ชายเป็นใหญ่,2025-10-11 21:42:43
UgyaaRHzCuhk-v9L7aJ4AaABAg,youtube,video,https://www.youtube.com/watch?v=bQoVZe4Ohbo,comment,2025-08-12 00:00:00,yt-dlp,ตาร่าเร่โร่ตาร่ารา,ตาร่าเร่โร่ตาร่ารา,2025-10-11 21:42:43
UgwWrrAINsPDnmb7jdp4AaABAg,youtube,video,https://www.youtube.com/watch?v=bQoVZe4Ohbo,comment,2025-08-12 00:00:00,yt-dlp,"หญิงตบชาย = ตลก
ชายตบหญิง = รุนแรงชายเป็นใหญ่","หญิงตบชาย = ตลก
ชายตบหญิง = รุนแรงชายเป็นใหญ่",2025-10-11 21:42:43
Ugz4pL8cswKMCxt0Yrl4AaABAg,youtube,video,https://www.youtube.com/watch?v=bQoVZe4Ohbo,comment,2025-08-12 00:00:00,yt-dlp,แม่น้ำ แม่คงคา แม่โพสพ แม่ธรณี แม่เหล๋ก แม่แรง แม่ข้าว ปมสงสัยว่าทำไมไทยถึงคิดว่าชายเป็นใหญ่,แม่น้ำ แม่คงคา แม่โพสพ แม่ธรณี แม่เหล๋ก แม่แรง แม่ข้าว ปมสงสัยว่าทำไมไทยถึงคิดว่าชายเป็นใหญ่,2025-10-11 21:42:43
UgxF6fuissL8-YKuNKF4AaABAg,youtube,video,https://www.youtube.com/watch?v=bQoVZe4Ohbo,comment,2025-07-12 00:00:00,yt-dlp,"คหสต.ในฐานะผญ.คนนึง เรามองว่าผญ.ไม่ค่อยใส่ใจว่าผญ.คนอื่นจะมีความ Feminine อย่างที่ควรจะเป็นหรือไม่ แต่ความกดดันส่วนมากมาจากผช. อย่างเราเป็นผญ.ที่แต่ตัวแนว Unisex ตัดผมสั้น ไม่ค่อยดู Feminine เวลาเดินไปกับกลุ่มเพื่อนผญ.เรามักถูกผช.เมินหรือมองข้ามบ่อยๆ (เช่นเดินผ่านเราไปช่วยเพื่อนๆ ผญ. เรายกของ แต่ไม่คิดที่จะช่วยเรา, อาสาไปส่งเพื่อนเรากลับบ้าน แต่ปล่อยเรากลับเอง ซึ่งเขาอาจจะไม่ได้ตั้งใจ) ล่าสุดเพื่อนเราโดนจีบ แต่เพื่อนเราบอกปัดว่าทำไมไม่จีบเรา(คนเม้น)บ้างเพื่อที่จะตัดรำคาญ กลุ่มผช.นั่นมองเราหัวจรดตีน แล้วบอกว่า 'ไม่เอาดีกว่า หน้าแก่' ทั้งๆที่ก็ไม่ได้สนิท เพียงเพราะเราไม่แต่งหน้า ไม่แต่งตัวแบบ Feminine มันคงคิดว่าเราเป็นทอม (การแต่งตัวไม่ได้บอกรสนิยมทางเพศ) เลยคิดว่าจะพูดแบบไหนกับเราก็ได้...นี่เป็นเหตุผลว่าทำไมผู้หญิงหลายๆคนถึงต้อง Feminine เพื่อที่จะได้โดน treat แบบผญ.นั่นแหละค่ะ และอีกเหตุผลก็บอกใน 39:51 ที่คุณพูดแล้วค่ะ ""ผู้ชายดีๆมีความคิดยังไงก็ต้องอยากได้ผญ.ที่มีความเป็น Feminine สูงๆ"" และส่วนตัว Feminine ในที่นี่ไม่น่าจะแค่นิสัยหรือตัวตนอย่างเดียว แต่ส่วนใหญ่ๆเลยคือ First impression หรือ appearance นี่แหละค่ะ

ส่วนตัวมองว่า 'หญิงแทร่' หรือ '☕' คือพวก 49:37 อันนี้เห็นด้วยมากๆค่ะ แล้วก็พวกที่มีความเชื่อว่าผช.ต้องออกให้ตอนเดท ผช.ที่เงินเดือนน้อยไม่คู่ควร ผช.ต้องเสียสละให้ผญ. หรือพวกที่เหมารวม เป็นต้น และที่เราเกลียดมากที่สุดคือ Toxic positivity อวยกันเองไม่ลืมหูลืมตา ใครติ หรือแม้จะเป็น Constructive criticism ก็โดนมองเหยียดแล้ว เช่น พวก Body positivity ที่ถึงแม้จะอ้วนยัน Obese ก็ยัง 'สวยมากคร่ะ ปังมากค่ะแม่' ทั้งๆที่มันไม่ได้ healthy ต่อเจ้าตัวเลย","คหสต.ในฐานะผญ.คนนึง เรามองว่าผญ.ไม่ค่อยใส่ใจว่าผญ.คนอื่นจะมีความ Feminine อย่างที่ควรจะเป็นหรือไม่ แต่ความกดดันส่วนมากมาจากผช. อย่างเราเป็นผญ.ที่แต่ตัวแนว Unisex ตัดผมสั้น ไม่ค่อยดู Feminine เวลาเดินไปกับกลุ่มเพื่อนผญ.เรามักถูกผช.เมินหรือมองข้ามบ่อยๆ (เช่นเดินผ่านเราไปช่วยเพื่อนๆ ผญ. เรายกของ แต่ไม่คิดที่จะช่วยเรา, อาสาไปส่งเพื่อนเรากลับบ้าน แต่ปล่อยเรากลับเอง ซึ่งเขาอาจจะไม่ได้ตั้งใจ) ล่าสุดเพื่อนเราโดนจีบ แต่เพื่อนเราบอกปัดว่าทำไมไม่จีบเรา(คนเม้น)บ้างเพื่อที่จะตัดรำคาญ กลุ่มผช.นั่นมองเราหัวจรดตีน แล้วบอกว่า 'ไม่เอาดีกว่า หน้าแก่' ทั้งๆที่ก็ไม่ได้สนิท เพียงเพราะเราไม่แต่งหน้า ไม่แต่งตัวแบบ Feminine มันคงคิดว่าเราเป็นทอม (การแต่งตัวไม่ได้บอกรสนิยมทางเพศ) เลยคิดว่าจะพูดแบบไหนกับเราก็ได้...นี่เป็นเหตุผลว่าทำไมผู้หญิงหลายๆคนถึงต้อง Feminine เพื่อที่จะได้โดน treat แบบผญ.นั่นแหละค่ะ และอีกเหตุผลก็บอกใน 39:51 ที่คุณพูดแล้วค่ะ ""ผู้ชายดีๆมีความคิดยังไงก็ต้องอยากได้ผญ.ที่มีความเป็น Feminine สูงๆ"" และส่วนตัว Feminine ในที่นี่ไม่น่าจะแค่นิสัยหรือตัวตนอย่างเดียว แต่ส่วนใหญ่ๆเลยคือ First impression หรือ appearance นี่แหละค่ะ

ส่วนตัวมองว่า 'หญิงแทร่' หรือ '☕' คือพวก 49:37 อันนี้เห็นด้วยมากๆค่ะ แล้วก็พวกที่มีความเชื่อว่าผช.ต้องออกให้ตอนเดท ผช.ที่เงินเดือนน้อยไม่คู่ควร ผช.ต้องเสียสละให้ผญ. หรือพวกที่เหมารวม เป็นต้น และที่เราเกลียดมากที่สุดคือ Toxic positivity อวยกันเองไม่ลืมหูลืมตา ใครติ หรือแม้จะเป็น Constructive criticism ก็โดนมองเหยียดแล้ว เช่น พวก Body positivity ที่ถึงแม้จะอ้วนยัน Obese ก็ยัง 'สวยมากคร่ะ ปังมากค่ะแม่' ทั้งๆที่มันไม่ได้ healthy ต่อเจ้าตัวเลย",2025-10-11 21:42:43
UgzXkupQdyn4L_W7g-h4AaABAg,youtube,video,https://www.youtube.com/watch?v=bQoVZe4Ohbo,comment,2025-07-12 00:00:00,yt-dlp,"ธรรมชาติมนุษย์ชายหญิงมันต้องชายเป้นผู้นำอยู่แล้ว
ด้วยการวิวัฒนาการมาจากดึกดำบรรพ์
ถ้าอยากไห้หญิงเป็นใหญ่ โลกก้อล้มสลายแล้วล่ะ นั้นมึงก้อต้องเปลี่ยนยีนส์พันธุ์กรรมใหม่ เกิดมาท้องใด้เองโลกก้อมีแต่เพศหญิง การสนุกกับไอจ่อนก้อจบ
หรือให้ผชเกิดมาเพื่อเป็นเครื่องสืบพันธุ์หรือปาตี้เซ็กหมู่ของเหล่าผู้หญิงเท่านั้น","ธรรมชาติมนุษย์ชายหญิงมันต้องชายเป้นผู้นำอยู่แล้ว
ด้วยการวิวัฒนาการมาจากดึกดำบรรพ์
ถ้าอยากไห้หญิงเป็นใหญ่ โลกก้อล้มสลายแล้วล่ะ นั้นมึงก้อต้องเปลี่ยนยีนส์พันธุ์กรรมใหม่ เกิดมาท้องใด้เองโลกก้อมีแต่เพศหญิง การสนุกกับไอจ่อนก้อจบ
หรือให้ผชเกิดมาเพื่อเป็นเครื่องสืบพันธุ์หรือปาตี้เซ็กหมู่ของเหล่าผู้หญิงเท่านั้น",2025-10-11 21:42:43
UgwGQp4qhp8TJ-IZaEF4AaABAg,youtube,video,https://www.youtube.com/watch?v=bQoVZe4Ohbo,comment,2025-07-12 00:00:00,yt-dlp,เรื่องดื้อไม่ไปหาหมอเป็นเรื่องของเงิน เก็บเงินไว้ให้คนรุ่นหลังดีกว่าเอามาใช้กับตาลุงหัวเถิกที่ไม่รู้จะตุยวันไหนดีกว่า,เรื่องดื้อไม่ไปหาหมอเป็นเรื่องของเงิน เก็บเงินไว้ให้คนรุ่นหลังดีกว่าเอามาใช้กับตาลุงหัวเถิกที่ไม่รู้จะตุยวันไหนดีกว่า,2025-10-11 21:42:43
UgxmBe4LFLbeRsYy1PJ4AaABAg,youtube,video,https://www.youtube.com/watch?v=bQoVZe4Ohbo,comment,2025-06-12 00:00:00,yt-dlp,พี่บ่วงตึงจัดเถียงไม่ออก😂😂😂,พี่บ่วงตึงจัดเถียงไม่ออก😂😂😂,2025-10-11 21:42:43
Ugz1k9TSrwSEkpVBaQF4AaABAg,youtube,video,https://www.youtube.com/watch?v=bQoVZe4Ohbo,comment,2025-04-12 00:00:00,yt-dlp,Equality is just a fantasy. And most of us go through life denying the fact that we live in a meritocracy.,Equality is just a fantasy. And most of us go through life denying the fact that we live in a meritocracy.,2025-10-11 21:42:43
UgzcZsiGpXJDkywSApN4AaABAg,youtube,video,https://www.youtube.com/watch?v=bQoVZe4Ohbo,comment,2025-04-12 00:00:00,yt-dlp,38:02 มันมาจากเกม team fortress  ครับพี่ใหญ่,38:02 มันมาจากเกม team fortress  ครับพี่ใหญ่,2025-10-11 21:42:43
Ugz8S1q_2adBHuAyUb14AaABAg,youtube,video,https://www.youtube.com/watch?v=bQoVZe4Ohbo,comment,2025-04-12 00:00:00,yt-dlp,เรื่องชายแทร่นี้อยากเห็นจอมมารบ่วงปะทะตีลังกาดูหนังแหะ 5555,เรื่องชายแทร่นี้อยากเห็นจอมมารบ่วงปะทะตีลังกาดูหนังแหะ 5555,2025-10-11 21:42:43
Ugz0F5pbFDhLakmuiWJ4AaABAg,youtube,video,https://www.youtube.com/watch?v=bQoVZe4Ohbo,comment,2025-04-12 00:00:00,yt-dlp,"คำพูดน่ะพูดได้แต่ความเป็นจริงไม่มีวันเท่าเทียมหรอก
เอาง่ายๆแค่โครงสร้างร่างกายทางกายภาพ ก็แตกต่างกันอย่างสิ้นเชิง","คำพูดน่ะพูดได้แต่ความเป็นจริงไม่มีวันเท่าเทียมหรอก
เอาง่ายๆแค่โครงสร้างร่างกายทางกายภาพ ก็แตกต่างกันอย่างสิ้นเชิง",2025-10-11 21:42:43
UgwMVVTPzgREWlERf3Z4AaABAg,youtube,video,https://www.youtube.com/watch?v=bQoVZe4Ohbo,comment,2025-04-12 00:00:00,yt-dlp,มีมกาแฟ มาจากฉากๆนึงของเกมส์ ทีมฟอเทรส มันเป็นผู้ชาย2คน หัวเราะพร้อมกัน แล้วพูดว่า “women” แล้วก็จิบกาแฟกันหัวเราะกัน สื่อความหมายประมาณว่า ”นี่แหละน้าผู้หญิง“,มีมกาแฟ มาจากฉากๆนึงของเกมส์ ทีมฟอเทรส มันเป็นผู้ชาย2คน หัวเราะพร้อมกัน แล้วพูดว่า “women” แล้วก็จิบกาแฟกันหัวเราะกัน สื่อความหมายประมาณว่า ”นี่แหละน้าผู้หญิง“,2025-10-11 21:42:43
UgyMHPG3SXDUIARdrfd4AaABAg,youtube,video,https://www.youtube.com/watch?v=bQoVZe4Ohbo,comment,2025-04-12 00:00:00,yt-dlp,ทำไมคอมเม้นหายครับ? จำได้ว่ามีเยอะกว่านี้นะ,ทำไมคอมเม้นหายครับ? จำได้ว่ามีเยอะกว่านี้นะ,2025-10-11 21:42:43
UgwPJ6afNbrRvKf8J3x4AaABAg,youtube,video,https://www.youtube.com/watch?v=bQoVZe4Ohbo,comment,2025-04-12 00:00:00,yt-dlp,เคส toxic masculinity  ที่เอาชีวิตทั้งครอบครัวไปด้วย คนพวกนี้ไม่ได้รักครอบครัวค่ะ แค่มองว่าเมียและลูกคือทรัพย์สินของเค้า เค้าเป็นคนหาเงิน เพราะฉะนั้นเค้าใหญ่ที่สุดในบ้าน และเมียก็ปล่อยให้เป็นแบบนั้นด้วย ถ้าเค้าล้ม เค้าอับอายมากกว่าที่เมียและลูกจะต้องรับความล้มเหลวนี้ไปด้วย เค้าเลยอยากจบความรู้สึกนี้ ตัวเองคือศูนย์กลาง ลึกๆคนพวกนี้อ่อนไหวมาก ถูกกดดันด้วยบรรทัดฐานสังคม เราอยู่ ตปท เข้าใจเลยว่าทำไมเฟมินิสต์เยอะในสังคมที่ความเท่าเทียมสูงกว่า ผู้ชายไม่ต้องยืดอกเป็น providers ทุกคนต้องพึ่งตัวเองได้,เคส toxic masculinity  ที่เอาชีวิตทั้งครอบครัวไปด้วย คนพวกนี้ไม่ได้รักครอบครัวค่ะ แค่มองว่าเมียและลูกคือทรัพย์สินของเค้า เค้าเป็นคนหาเงิน เพราะฉะนั้นเค้าใหญ่ที่สุดในบ้าน และเมียก็ปล่อยให้เป็นแบบนั้นด้วย ถ้าเค้าล้ม เค้าอับอายมากกว่าที่เมียและลูกจะต้องรับความล้มเหลวนี้ไปด้วย เค้าเลยอยากจบความรู้สึกนี้ ตัวเองคือศูนย์กลาง ลึกๆคนพวกนี้อ่อนไหวมาก ถูกกดดันด้วยบรรทัดฐานสังคม เราอยู่ ตปท เข้าใจเลยว่าทำไมเฟมินิสต์เยอะในสังคมที่ความเท่าเทียมสูงกว่า ผู้ชายไม่ต้องยืดอกเป็น providers ทุกคนต้องพึ่งตัวเองได้,2025-10-11 21:42:43
UgwKfROUBunJMkjvCA14AaABAg,youtube,video,https://www.youtube.com/watch?v=bQoVZe4Ohbo,comment,2025-04-12 00:00:00,yt-dlp,50:40 ผู้ชายแสดงเป็นเหยื่อนึกถึงเคสเมียทุบจอคอมอะ ชาวเน็ตรุมด่าเมียกันหน้าหงายกันหมด5555555,50:40 ผู้ชายแสดงเป็นเหยื่อนึกถึงเคสเมียทุบจอคอมอะ ชาวเน็ตรุมด่าเมียกันหน้าหงายกันหมด5555555,2025-10-11 21:42:43
UgzhTlVh0lOMgTuXDMt4AaABAg,youtube,video,https://www.youtube.com/watch?v=bQoVZe4Ohbo,comment,2025-04-12 00:00:00,yt-dlp,"ช่วงประมาณ 8:15 งงพี่ว่ะ พี่เข้าใจคำว่าชายเป็นใหญ่ว่าอะไรวะ ชายเป็นใหญ่ หญิงเป็นใหญ่โลกนี้มันไม่ได้มีแค่นั้น ความท่าเทียมไง ถึงผมจะคิดว่าประเทศไทยสมัยนี้มันเท่ากันมากๆแล้วก็เถอะ บอกว่าชายที่หน้าที่การงานดี เป็นผู้นำ = ชายเป็นใหญ่นี่คนละเรื่องโคตรๆอะ 

เรื่องชายเป็นใหญ่เอาชัดๆมันคือสังคมไม่ใช่ผู้คน เช่นค่านิยมมีลูกสาว=มีส้วมหน้าบ้าน ลูกชาย=พระเจ้า คุณเป็นผู้หญิง ผมไม่รับเค้าทำงาน งานวิชาการจากผู้หญิงไม่น่าเชื่อถือ ผู้หญิงต้องมีลูก อะไรงี้คือชายเป็นใหญ่ซึ่งจะเห็นได้ชัดกว่าในจีน เกาหลี ญี่ปุ่น 

ซึ่งค่านิยมชายเป็นใหญ่จะนำไปสู่ toxic masculinity อีกที ที่ไม่ได้หมายถึงการด่า เกลียดเพศชายอีกนั่นแหละ toxic masculinity ทำร้ายทุกคน ผู้ชายทำไมชอบสีชมพูไม่ได้ ทำไมร้องไห้ไม่ได้ ทำไมต้องเป็นทหาร ทำไมต้องแข็งแกร่ง ผู้หญิงทำไมต้องอยู่บ้านทำกับข้าว ทำไมต้องเป็นแม่หรือเมียใครซักคนถึงจะดี ซึ่งจะเห็นว่าไม่ว่าผู้หญิงห้าว สาวสอง หรือชาย""ธรรมดา"" ที่เจ็บเป็น เศร้าเป็น ไม่มีชายคนไหนจะเป็นอัลฟ่าเมลได้ตลอกเวลา หรือไม่ได้อยากเป็นแบบนั้นด้วยซ้ำ ก็ทุกข์จากแนวคิดชายเป็นใหญ่ทั้งนั้น

การเรียกร้องความเท่าเทียมสำหรับผมคือคุณจะเป็นอะไรก็ได้อย่างสบายใจ เป็นผู้ชายจะใส่กระโปรงก็เรื่องของคุณ เป็นผู้หญิงไม่มีลูกก็เรื่องของคุณ สมัครงานถ้ามีปัญญาทำจะเป็นเพศไหนก็เรื่องของคุณ

ใช่ครับผมเป็นเฟมินิสและเป็นผู็หญิง ผมใช้คำว่าผมและครับเพื่อให้คุณเปิดใจอ่านแนวคิดที่ต่างออกไปโดยหวังว่าจะไม่มีอัคติ555555","ช่วงประมาณ 8:15 งงพี่ว่ะ พี่เข้าใจคำว่าชายเป็นใหญ่ว่าอะไรวะ ชายเป็นใหญ่ หญิงเป็นใหญ่โลกนี้มันไม่ได้มีแค่นั้น ความท่าเทียมไง ถึงผมจะคิดว่าประเทศไทยสมัยนี้มันเท่ากันมากๆแล้วก็เถอะ บอกว่าชายที่หน้าที่การงานดี เป็นผู้นำ = ชายเป็นใหญ่นี่คนละเรื่องโคตรๆอะ 

เรื่องชายเป็นใหญ่เอาชัดๆมันคือสังคมไม่ใช่ผู้คน เช่นค่านิยมมีลูกสาว=มีส้วมหน้าบ้าน ลูกชาย=พระเจ้า คุณเป็นผู้หญิง ผมไม่รับเค้าทำงาน งานวิชาการจากผู้หญิงไม่น่าเชื่อถือ ผู้หญิงต้องมีลูก อะไรงี้คือชายเป็นใหญ่ซึ่งจะเห็นได้ชัดกว่าในจีน เกาหลี ญี่ปุ่น 

ซึ่งค่านิยมชายเป็นใหญ่จะนำไปสู่ toxic masculinity อีกที ที่ไม่ได้หมายถึงการด่า เกลียดเพศชายอีกนั่นแหละ toxic masculinity ทำร้ายทุกคน ผู้ชายทำไมชอบสีชมพูไม่ได้ ทำไมร้องไห้ไม่ได้ ทำไมต้องเป็นทหาร ทำไมต้องแข็งแกร่ง ผู้หญิงทำไมต้องอยู่บ้านทำกับข้าว ทำไมต้องเป็นแม่หรือเมียใครซักคนถึงจะดี ซึ่งจะเห็นว่าไม่ว่าผู้หญิงห้าว สาวสอง หรือชาย""ธรรมดา"" ที่เจ็บเป็น เศร้าเป็น ไม่มีชายคนไหนจะเป็นอัลฟ่าเมลได้ตลอกเวลา หรือไม่ได้อยากเป็นแบบนั้นด้วยซ้ำ ก็ทุกข์จากแนวคิดชายเป็นใหญ่ทั้งนั้น

การเรียกร้องความเท่าเทียมสำหรับผมคือคุณจะเป็นอะไรก็ได้อย่างสบายใจ เป็นผู้ชายจะใส่กระโปรงก็เรื่องของคุณ เป็นผู้หญิงไม่มีลูกก็เรื่องของคุณ สมัครงานถ้ามีปัญญาทำจะเป็นเพศไหนก็เรื่องของคุณ

ใช่ครับผมเป็นเฟมินิสและเป็นผู็หญิง ผมใช้คำว่าผมและครับเพื่อให้คุณเปิดใจอ่านแนวคิดที่ต่างออกไปโดยหวังว่าจะไม่มีอัคติ555555",2025-10-11 21:42:43
UgzhTlVh0lOMgTuXDMt4AaABAg.AGN-GtlCdmGAGbX3pVUsFL,youtube,video,https://www.youtube.com/watch?v=bQoVZe4Ohbo,comment,2025-04-12 00:00:00,yt-dlp,ฟังช่วงนี้แล้วหงุดหงิดเหมือนกันเลยครับ งงแบบ อะไรวะ ปกติเห็นด้วยกับจอมมารหลายเรื่องนะ แต่อันนี้ไม่ไหวจิง เหมือนจอมมารน่าจะเอาอคติส่วนตัวเกี่ยวกับอะไรที่หญิงแทร่ปสด.บางกลุ่มชอบพูดกันมาใช้มากไป เอามาเปรียบเทียบในลักษณะนี้ผมว่า try hard เกินไปหน่อย take นี้จอมมาร -5 คะแนนครับ🤣,ฟังช่วงนี้แล้วหงุดหงิดเหมือนกันเลยครับ งงแบบ อะไรวะ ปกติเห็นด้วยกับจอมมารหลายเรื่องนะ แต่อันนี้ไม่ไหวจิง เหมือนจอมมารน่าจะเอาอคติส่วนตัวเกี่ยวกับอะไรที่หญิงแทร่ปสด.บางกลุ่มชอบพูดกันมาใช้มากไป เอามาเปรียบเทียบในลักษณะนี้ผมว่า try hard เกินไปหน่อย take นี้จอมมาร -5 คะแนนครับ🤣,2025-10-11 21:42:43
UgzhTlVh0lOMgTuXDMt4AaABAg.AGN-GtlCdmGAGh1Am3lCGB,youtube,video,https://www.youtube.com/watch?v=bQoVZe4Ohbo,comment,2025-04-12 00:00:00,yt-dlp,ผมคิดว่าเท่าเทียมที่ว่าไม่มีอยู่จริง ยังไงมันก็ต้องเอียงไปด้านนึงอยู่ดี,ผมคิดว่าเท่าเทียมที่ว่าไม่มีอยู่จริง ยังไงมันก็ต้องเอียงไปด้านนึงอยู่ดี,2025-10-11 21:42:43
UgzhTlVh0lOMgTuXDMt4AaABAg.AGN-GtlCdmGAGjd_4ubZ49,youtube,video,https://www.youtube.com/watch?v=bQoVZe4Ohbo,comment,2025-04-12 00:00:00,yt-dlp,"​ @asetools4862 ก็แล้วแต่อะคับว่ามองคำว่าเท่าเทียมแปลว่าอะไร โดยส่วนใหญ่เขาพูดถึงความเท่าเทียม""ทางโอกาส""คับ ง่ายๆคือใครมีปัญญาทำก็ให้เขาทำ ไม่ต้องสนเพศ ซึ่งผมว่าประเทศไทยก็โอเเคในเรื่องนี้แล้วนะ

มันก็มีบ้างแหละ พวกสุดโต่ง(ไม่ว่าจะขวาสุดโต่งที่กล่าวหาพวกซ้าย หรือพวกซ้ายที่หลอนจริง) ที่ต้องการความเท่าเทียมแบบทางกายภาพ ไม่สน XX XY วิทยาศาสตร์อะไรทั้งนั้นซึ่งมันไม่ใช่ส่วนใหญ่อยู่แล้ว แค่เสียงดัง","​ @asetools4862 ก็แล้วแต่อะคับว่ามองคำว่าเท่าเทียมแปลว่าอะไร โดยส่วนใหญ่เขาพูดถึงความเท่าเทียม""ทางโอกาส""คับ ง่ายๆคือใครมีปัญญาทำก็ให้เขาทำ ไม่ต้องสนเพศ ซึ่งผมว่าประเทศไทยก็โอเเคในเรื่องนี้แล้วนะ

มันก็มีบ้างแหละ พวกสุดโต่ง(ไม่ว่าจะขวาสุดโต่งที่กล่าวหาพวกซ้าย หรือพวกซ้ายที่หลอนจริง) ที่ต้องการความเท่าเทียมแบบทางกายภาพ ไม่สน XX XY วิทยาศาสตร์อะไรทั้งนั้นซึ่งมันไม่ใช่ส่วนใหญ่อยู่แล้ว แค่เสียงดัง",2025-10-11 21:42:43
UgzhTlVh0lOMgTuXDMt4AaABAg.AGN-GtlCdmGAGjdiBmIYZJ,youtube,video,https://www.youtube.com/watch?v=bQoVZe4Ohbo,comment,2025-04-12 00:00:00,yt-dlp,"​ @asetools4862 ก็แล้วแต่อะคับว่ามองคำว่าเท่าเทียมแปลว่าอะไร โดยส่วนใหญ่เขาพูดถึงความเท่าเทียม""ทางโอกาส""คับ ง่ายๆคือใครมีปัญญาทำก็ให้เขาทำ ไม่สนเพศ ซึ่งผมว่าประเทศไทยก็โอเคในเรื่องนี้แล้วนะ

มันก็มีบ้างแหละ พวกสุดโต่ง(ไม่ว่าจะขวาสุดโต่งที่กล่าวหาพวกซ้าย หรือพวกซ้ายที่หลอนจริง) ที่ต้องการความเท่าเทียมแบบทางกายภาพ ไม่สน XX XY วิทยาศาสตร์อะไรทั้งนั้นซึ่งมันไม่ใช่ส่วนใหญ่อยู่แล้ว แค่เสียงดัง","​ @asetools4862 ก็แล้วแต่อะคับว่ามองคำว่าเท่าเทียมแปลว่าอะไร โดยส่วนใหญ่เขาพูดถึงความเท่าเทียม""ทางโอกาส""คับ ง่ายๆคือใครมีปัญญาทำก็ให้เขาทำ ไม่สนเพศ ซึ่งผมว่าประเทศไทยก็โอเคในเรื่องนี้แล้วนะ

มันก็มีบ้างแหละ พวกสุดโต่ง(ไม่ว่าจะขวาสุดโต่งที่กล่าวหาพวกซ้าย หรือพวกซ้ายที่หลอนจริง) ที่ต้องการความเท่าเทียมแบบทางกายภาพ ไม่สน XX XY วิทยาศาสตร์อะไรทั้งนั้นซึ่งมันไม่ใช่ส่วนใหญ่อยู่แล้ว แค่เสียงดัง",2025-10-11 21:42:43
UgzhTlVh0lOMgTuXDMt4AaABAg.AGN-GtlCdmGAGjf9teqKx9,youtube,video,https://www.youtube.com/watch?v=bQoVZe4Ohbo,comment,2025-04-12 00:00:00,yt-dlp,"​ @asetools4862 ก็แล้วแต่อะคับว่ามองคำว่าเท่าเทียมแปลว่าอะไร โดยส่วนใหญ่เขาพูดถึงความเท่าเทียม""ทางโอกาส""คับ ง่ายๆคือใครทำได้ก็ให้เขาทำ ไม่สนเพศ

มันก็มีบ้างแหละ พวกสุดจัด(มีทั้งที่หลอนจริงและที่เป็นการใส่ร้ายจากอีกฝั่ง) ที่ต้องการความเท่าเทียมแบบทางกายภาพ ไม่สน XX XY วิทยาศาสตร์อะไรทั้งนั้นซึ่งก็ไม่ใช่ส่วนใหญ่อยู่แล้ว แค่เสียงดัง","​ @asetools4862 ก็แล้วแต่อะคับว่ามองคำว่าเท่าเทียมแปลว่าอะไร โดยส่วนใหญ่เขาพูดถึงความเท่าเทียม""ทางโอกาส""คับ ง่ายๆคือใครทำได้ก็ให้เขาทำ ไม่สนเพศ

มันก็มีบ้างแหละ พวกสุดจัด(มีทั้งที่หลอนจริงและที่เป็นการใส่ร้ายจากอีกฝั่ง) ที่ต้องการความเท่าเทียมแบบทางกายภาพ ไม่สน XX XY วิทยาศาสตร์อะไรทั้งนั้นซึ่งก็ไม่ใช่ส่วนใหญ่อยู่แล้ว แค่เสียงดัง",2025-10-11 21:42:43
UgzhTlVh0lOMgTuXDMt4AaABAg.AGN-GtlCdmGAH0nTDh0nbv,youtube,video,https://www.youtube.com/watch?v=bQoVZe4Ohbo,comment,2025-05-12 00:00:00,yt-dlp,"เพราะคุณไม่เข้าใจไงล่ะว่า ผู้ชายชอบสีชมพู ร้องไห้โชว์คนอื่น แสดงความอ่อนแอจะถูกเหยียบย่ำจากผู้หญิงและผู้ชาย สังคมไม่อนุญาตให้ผู้ชายแสดงความอ่อนแอออกมาเพราะธรรมชาติออกแบบมาอย่างนั้นว่า ถ้าเพศผู้อ่อนแอด้อยความสามารถ=ตาย ส่วนเพศเมียก็ไปรวมกลุ่มรวมคอมมูนเกาะกลุ่มเลือก เพศผู้แข้งแกร่งกัน
. 
การเรียกร้องความเท่าเทียมทางเพศที่ไม่มีอยู่จริง ทั้งสองเพศต่างมีสิทธิพิเศษเช่นเดียวกันกับที่เสียสิทธิพิเศษ 
ถ้าจะเอาเท่าเทียมทางเพศที่แท้ทรูเราจะได้สังคมที่ตัดเรื่องเพศออก ฉีดฮอร์โมนหยุดยั้งแอสโตรเจน แอนโดรเจนออก ทุกคนมีพิมพ์เดียวกันทั้งหมด และไม่มีอภิสิทธิ์ ไม่มีการลุกให้แก่เด็กหญิงนั่ง วัดกันที่พละกำลังแรงสติปัญญา ความสามารถไม่มีเสน่ ไม่มีความสวยงาม ประสิทธิภาพคือทุกอย่างเท่านั้น เพราะการแบบนั้นทุกคนเสมอภาคเท่าเทียมที่แท้ทรู
.
สิทธิอื่นๆพวกนั้นคืออภิสิทธิ์ชนดังนั้นลบทิ้ง ข้อได้เปรียบเรื่องสวัสดิการทางเพศไม่มี  เพราะไม่มีเพศ คุณอยากอยู่ในสังคมแบบนั้นจริงๆรึเปล่า? ต้องลองถามตัวเองดู แต่ถึงจะแย้งก็ไม่เป็นไรตอนนี้ให้ผู้หญิงโดนเพศเพิ่มเติมลิดรอนสิทธิ์ด้วยการอ้างว่า ความเท่าเทียมที่เกิดขึ้นด้วยวิธีเดียวกันนั่นแหละดีแล้ว เป้นการแก้ทางตามธรรมชาติที่ดีที่สุดจริงๆ","เพราะคุณไม่เข้าใจไงล่ะว่า ผู้ชายชอบสีชมพู ร้องไห้โชว์คนอื่น แสดงความอ่อนแอจะถูกเหยียบย่ำจากผู้หญิงและผู้ชาย สังคมไม่อนุญาตให้ผู้ชายแสดงความอ่อนแอออกมาเพราะธรรมชาติออกแบบมาอย่างนั้นว่า ถ้าเพศผู้อ่อนแอด้อยความสามารถ=ตาย ส่วนเพศเมียก็ไปรวมกลุ่มรวมคอมมูนเกาะกลุ่มเลือก เพศผู้แข้งแกร่งกัน
. 
การเรียกร้องความเท่าเทียมทางเพศที่ไม่มีอยู่จริง ทั้งสองเพศต่างมีสิทธิพิเศษเช่นเดียวกันกับที่เสียสิทธิพิเศษ 
ถ้าจะเอาเท่าเทียมทางเพศที่แท้ทรูเราจะได้สังคมที่ตัดเรื่องเพศออก ฉีดฮอร์โมนหยุดยั้งแอสโตรเจน แอนโดรเจนออก ทุกคนมีพิมพ์เดียวกันทั้งหมด และไม่มีอภิสิทธิ์ ไม่มีการลุกให้แก่เด็กหญิงนั่ง วัดกันที่พละกำลังแรงสติปัญญา ความสามารถไม่มีเสน่ ไม่มีความสวยงาม ประสิทธิภาพคือทุกอย่างเท่านั้น เพราะการแบบนั้นทุกคนเสมอภาคเท่าเทียมที่แท้ทรู
.
สิทธิอื่นๆพวกนั้นคืออภิสิทธิ์ชนดังนั้นลบทิ้ง ข้อได้เปรียบเรื่องสวัสดิการทางเพศไม่มี  เพราะไม่มีเพศ คุณอยากอยู่ในสังคมแบบนั้นจริงๆรึเปล่า? ต้องลองถามตัวเองดู แต่ถึงจะแย้งก็ไม่เป็นไรตอนนี้ให้ผู้หญิงโดนเพศเพิ่มเติมลิดรอนสิทธิ์ด้วยการอ้างว่า ความเท่าเทียมที่เกิดขึ้นด้วยวิธีเดียวกันนั่นแหละดีแล้ว เป้นการแก้ทางตามธรรมชาติที่ดีที่สุดจริงๆ",2025-10-11 21:42:43
UgzhTlVh0lOMgTuXDMt4AaABAg.AGN-GtlCdmGAHwZJ9ROIM5,youtube,video,https://www.youtube.com/watch?v=bQoVZe4Ohbo,comment,2025-05-12 00:00:00,yt-dlp,เห็นด้วยค่ะ ฟังแล้วเลิกคิ้วเลย ว่ามันคนละประเด็นกัน เพราะการเรียกร้องความเท่าเทียมทางเพศมันไม่ได้หมายความว่าผู้หญิงจะต้องการลดบทบาทหรือความสามารถของผู้ชาย แต่เป็นการสร้างสังคมที่ทุกคนมีโอกาสเท่าเทียมกันโดยไม่ถูกจำกัดด้วยเพศ ส่วนการเลือกคู่หรือชื่นชมผชที่มีความสามารถมันเป็นเรื่องปกติของความชอบส่วนบุคคล และแน่นอนว่าผู้หญิงที่เขาสนับสนุนแนวคิดความเท่าเทียมทางเพศ ก็ไม่ชอบผชที่ประสบความสำเร็จทุกอย่าง แต่ยังมีความคิดแบบชายแทร่ แน่นอน ดังนั้นการชอบผชที่มีความเป็นผู้นำ เก่ง ประสบความสำเร็จมันไม่ใช่การสนับสนุนระบบชายเป็นใหญ่ สองเรื่องนี้จึงเป็นคนละประเด็นกัน พอฟังแล้วเลยรู้สึกว่าเหตุผลเขาอ่อนไปหน่อย ไล่ตรรกะแล้วเรายังไม่ซื้อ ประโยคที่เขาพูดอาจจะเป็นอีกหนึ่งตัวอย่างของ toxic masculinity ก็ได้นะคะ,เห็นด้วยค่ะ ฟังแล้วเลิกคิ้วเลย ว่ามันคนละประเด็นกัน เพราะการเรียกร้องความเท่าเทียมทางเพศมันไม่ได้หมายความว่าผู้หญิงจะต้องการลดบทบาทหรือความสามารถของผู้ชาย แต่เป็นการสร้างสังคมที่ทุกคนมีโอกาสเท่าเทียมกันโดยไม่ถูกจำกัดด้วยเพศ ส่วนการเลือกคู่หรือชื่นชมผชที่มีความสามารถมันเป็นเรื่องปกติของความชอบส่วนบุคคล และแน่นอนว่าผู้หญิงที่เขาสนับสนุนแนวคิดความเท่าเทียมทางเพศ ก็ไม่ชอบผชที่ประสบความสำเร็จทุกอย่าง แต่ยังมีความคิดแบบชายแทร่ แน่นอน ดังนั้นการชอบผชที่มีความเป็นผู้นำ เก่ง ประสบความสำเร็จมันไม่ใช่การสนับสนุนระบบชายเป็นใหญ่ สองเรื่องนี้จึงเป็นคนละประเด็นกัน พอฟังแล้วเลยรู้สึกว่าเหตุผลเขาอ่อนไปหน่อย ไล่ตรรกะแล้วเรายังไม่ซื้อ ประโยคที่เขาพูดอาจจะเป็นอีกหนึ่งตัวอย่างของ toxic masculinity ก็ได้นะคะ,2025-10-11 21:42:43
UgzhTlVh0lOMgTuXDMt4AaABAg.AGN-GtlCdmGAIDSX-FGUHf,youtube,video,https://www.youtube.com/watch?v=bQoVZe4Ohbo,comment,2025-06-12 00:00:00,yt-dlp,เห็นด้วยครับ,เห็นด้วยครับ,2025-10-11 21:42:43
UgzhTlVh0lOMgTuXDMt4AaABAg.AGN-GtlCdmGAIjpSZ8FrAZ,youtube,video,https://www.youtube.com/watch?v=bQoVZe4Ohbo,comment,2025-06-12 00:00:00,yt-dlp,จากที่อ่านมาผมว่าคุณอาจจะผิดประเด็นรึป่าวครับ,จากที่อ่านมาผมว่าคุณอาจจะผิดประเด็นรึป่าวครับ,2025-10-11 21:42:43
UgzhTlVh0lOMgTuXDMt4AaABAg.AGN-GtlCdmGAJOcutnWDm2,youtube,video,https://www.youtube.com/watch?v=bQoVZe4Ohbo,comment,2025-07-12 00:00:00,yt-dlp,อธิบายเพิ่มอีกนิดได้มั้ยครับยังงๆ  ของผมส่วนที่ผมเห็นต่างคือ ถ้าชายไม่เป็นใหญ่แล้วใครเป็นใหญ่ ผมว่ามันไม่ต้องมีใครเป็นใหญ่อะคือเอาให้แบบเท่าเทียมๆ ไม่รู้ว่าจะมาพูดซ้ำกับที่คุณหมายถึงมั้ยนะครับ,อธิบายเพิ่มอีกนิดได้มั้ยครับยังงๆ  ของผมส่วนที่ผมเห็นต่างคือ ถ้าชายไม่เป็นใหญ่แล้วใครเป็นใหญ่ ผมว่ามันไม่ต้องมีใครเป็นใหญ่อะคือเอาให้แบบเท่าเทียมๆ ไม่รู้ว่าจะมาพูดซ้ำกับที่คุณหมายถึงมั้ยนะครับ,2025-10-11 21:42:43
UgzhTlVh0lOMgTuXDMt4AaABAg.AGN-GtlCdmGAJOl8bd1D9S,youtube,video,https://www.youtube.com/watch?v=bQoVZe4Ohbo,comment,2025-07-12 00:00:00,yt-dlp,​ @nongzain2623 ใช่คับผมหมายถึงแบบนั่นแหละ เขียนยาวไปหน่อยอาจจะอ่านแล้วงงๆ จะว่าไปเม้นไว้นานขนาดนี้ยังมีคนมาตอบกลับอีกหรอเนี่ย5555,​ @nongzain2623 ใช่คับผมหมายถึงแบบนั่นแหละ เขียนยาวไปหน่อยอาจจะอ่านแล้วงงๆ จะว่าไปเม้นไว้นานขนาดนี้ยังมีคนมาตอบกลับอีกหรอเนี่ย5555,2025-10-11 21:42:43
UgzhTlVh0lOMgTuXDMt4AaABAg.AGN-GtlCdmGAJOlGfDwBPa,youtube,video,https://www.youtube.com/watch?v=bQoVZe4Ohbo,comment,2025-07-12 00:00:00,yt-dlp,​ @thunpitsanupong1581 ยอมรับเลยคับว่าฟังไม่เข้าใจว่า ผู้ชายประสบความสำเร็จเกี่ยวอะไรกับชายเป็นใหญ่😅,​ @thunpitsanupong1581 ยอมรับเลยคับว่าฟังไม่เข้าใจว่า ผู้ชายประสบความสำเร็จเกี่ยวอะไรกับชายเป็นใหญ่😅,2025-10-11 21:42:43
UgzhTlVh0lOMgTuXDMt4AaABAg.AGN-GtlCdmGAJOteau0TQX,youtube,video,https://www.youtube.com/watch?v=bQoVZe4Ohbo,comment,2025-07-12 00:00:00,yt-dlp,​ @numai8131 เพิ่งติดตามพี่บ่วงนะครับเลยมาไล่ดู,​ @numai8131 เพิ่งติดตามพี่บ่วงนะครับเลยมาไล่ดู,2025-10-11 21:42:43
UgzhTlVh0lOMgTuXDMt4AaABAg.AGN-GtlCdmGAJi4ax66wMY,youtube,video,https://www.youtube.com/watch?v=bQoVZe4Ohbo,comment,2025-07-12 00:00:00,yt-dlp,​​ @nongzain2623  ถ้าคุณไม่เป็นใหญ่ คู่ของคุณจะเป็นใหญ่แทนครับ ลองดู,​​ @nongzain2623  ถ้าคุณไม่เป็นใหญ่ คู่ของคุณจะเป็นใหญ่แทนครับ ลองดู,2025-10-11 21:42:43
UgzhTlVh0lOMgTuXDMt4AaABAg.AGN-GtlCdmGAL_wrTu2vMI,youtube,video,https://www.youtube.com/watch?v=bQoVZe4Ohbo,comment,2025-08-12 00:00:00,yt-dlp,"คือต้นเม้น ผมไม่สนนะว่าเป็นเฟมินิสหรืออะไร ผมสนเเคค่านิยม

ผมคิดว่าค่านิยมอะมันมีในทุกคนอยู่เเล้ว อย่างค่านิยมเฟมินิสที่คือความอิสระความเท่าเทียม เเต่บางสิ่งมันก็ให้ความเท่าเทียมไม่ได้จริงๆ เช่น งานที่ต้องใช้พละกําลัง หรืองานที่เขากําหนดมาเเล้วว่าต้องการผู้หญิง ต้องการผู้ชาย เเล้วไม่รับคนที่เป็นทราน  ? การที่เขาไม่รับมันผิดไหม ถ้าผมเข้าใจไม่ผิดเฟมินิสคือต้องการในการเท่าเทียมในการทํางานเเละการเปิดรับ เเล้วคําถามคือถ้าเขาไม่รับ มันจะผิดไหม นี้ยังไม่นับการทํางานซึ่งอะไรหลายๆอย่าง เช่น ลาคลอด หรือเป็นเมน ในบริษัทเขาให้ผู้หญิงลาน้อยกว่า ซึ่งผมเห็นด้วยกับผู้หญิงในจุดนี้เพราะร่างกายอ่อนเเอก็สมควรได้รับการใสใจในความเป็นมนุษย์ ไม่ใช่เอื้อให้ผู้ชายอย่างเดียว 
ส่วนสังคมชายเป็นใหญ่ในไทยโดยภาพรวม ถ้าไม่ใช่ในเรื่องการทํางานบริษัท บลาๆ เป็นการใช้ชีวิตใข้สิทธ์ออกเสียงเเนวคิด ผมว่าไทยอิสระมากเเล้วนะ มันอยู่ในจุดที่เฟมินิสเเละชายที่มองโลกตามความจริงเเบบผมเเละอีกหลายๆคนอยู่ได้  หรือเเม้กระทั้ง lgbtq ก็ตาม","คือต้นเม้น ผมไม่สนนะว่าเป็นเฟมินิสหรืออะไร ผมสนเเคค่านิยม

ผมคิดว่าค่านิยมอะมันมีในทุกคนอยู่เเล้ว อย่างค่านิยมเฟมินิสที่คือความอิสระความเท่าเทียม เเต่บางสิ่งมันก็ให้ความเท่าเทียมไม่ได้จริงๆ เช่น งานที่ต้องใช้พละกําลัง หรืองานที่เขากําหนดมาเเล้วว่าต้องการผู้หญิง ต้องการผู้ชาย เเล้วไม่รับคนที่เป็นทราน  ? การที่เขาไม่รับมันผิดไหม ถ้าผมเข้าใจไม่ผิดเฟมินิสคือต้องการในการเท่าเทียมในการทํางานเเละการเปิดรับ เเล้วคําถามคือถ้าเขาไม่รับ มันจะผิดไหม นี้ยังไม่นับการทํางานซึ่งอะไรหลายๆอย่าง เช่น ลาคลอด หรือเป็นเมน ในบริษัทเขาให้ผู้หญิงลาน้อยกว่า ซึ่งผมเห็นด้วยกับผู้หญิงในจุดนี้เพราะร่างกายอ่อนเเอก็สมควรได้รับการใสใจในความเป็นมนุษย์ ไม่ใช่เอื้อให้ผู้ชายอย่างเดียว 
ส่วนสังคมชายเป็นใหญ่ในไทยโดยภาพรวม ถ้าไม่ใช่ในเรื่องการทํางานบริษัท บลาๆ เป็นการใช้ชีวิตใข้สิทธ์ออกเสียงเเนวคิด ผมว่าไทยอิสระมากเเล้วนะ มันอยู่ในจุดที่เฟมินิสเเละชายที่มองโลกตามความจริงเเบบผมเเละอีกหลายๆคนอยู่ได้  หรือเเม้กระทั้ง lgbtq ก็ตาม",2025-10-11 21:42:43
UgxYz43GrRcpC0Ad3EB4AaABAg,youtube,video,https://www.youtube.com/watch?v=bQoVZe4Ohbo,comment,2025-04-12 00:00:00,yt-dlp,หน้าจิ๋มที่ผมเข้าใจนะหมายถึงแบบว่ามึงแม่งบ้าผู้หญิงว่ะ,หน้าจิ๋มที่ผมเข้าใจนะหมายถึงแบบว่ามึงแม่งบ้าผู้หญิงว่ะ,2025-10-11 21:42:43
UgwqnxDmGbnrgDGE6Ll4AaABAg,youtube,video,https://www.youtube.com/watch?v=bQoVZe4Ohbo,comment,2025-04-12 00:00:00,yt-dlp,คือเคยเห็นผู้หญิงที่น่าะจะมีอคติกับเพศชายในทวิตเตอร์ บอกว่าถ้าผู้ชายหายไปหมด ผู้หญิงจะปลอดภัย คือขำก๊ากเลยคือหล่อนคิดแบบนี้เพราะไม่เคยเจอสังคมของผู้หญิงอื่นๆบ้างเลยเหรอ น่าจะอายุยังไม่ 16 อ่ะสังคมผู้หญิงคือโหดสัส ยิ่งถ้าในโรงเรียนหญิงล้วนนะ โหดน่าจะพอกับโรงเรียนช่างของฝั่งชายอ่ะ,คือเคยเห็นผู้หญิงที่น่าะจะมีอคติกับเพศชายในทวิตเตอร์ บอกว่าถ้าผู้ชายหายไปหมด ผู้หญิงจะปลอดภัย คือขำก๊ากเลยคือหล่อนคิดแบบนี้เพราะไม่เคยเจอสังคมของผู้หญิงอื่นๆบ้างเลยเหรอ น่าจะอายุยังไม่ 16 อ่ะสังคมผู้หญิงคือโหดสัส ยิ่งถ้าในโรงเรียนหญิงล้วนนะ โหดน่าจะพอกับโรงเรียนช่างของฝั่งชายอ่ะ,2025-10-11 21:42:43
Ugy7Bc6Yao1uv4DShkp4AaABAg,youtube,video,https://www.youtube.com/watch?v=bQoVZe4Ohbo,comment,2025-04-12 00:00:00,yt-dlp,52:15 นึกว่าจอมมารจะบอก ไม่เลือกได้ไหม ทั้งหมีและผญ เพราะถ้าเป็น ผญ ในป่าคือเสือสมิงแน่นอน เข้าป่าอย่าลืมพกถุงยางนะครัฟ,52:15 นึกว่าจอมมารจะบอก ไม่เลือกได้ไหม ทั้งหมีและผญ เพราะถ้าเป็น ผญ ในป่าคือเสือสมิงแน่นอน เข้าป่าอย่าลืมพกถุงยางนะครัฟ,2025-10-11 21:42:43
UgyeFumD9_GEjImij6d4AaABAg,youtube,video,https://www.youtube.com/watch?v=bQoVZe4Ohbo,comment,2025-04-12 00:00:00,yt-dlp,45:40 จากประสบการณ์ยืนยันอีกเสียงค่ะว่าผู้หญิงตัดสินกันเองบ่อยมาก อย่างของหนูที่เจอคือคุยกับเพื่อนคนนึงซึ่งหัวข้อก็คือเรื่องแฟชั่น หนูจะเป็นคนที่ชอบใส่เสื้อแขนยาว กางเกงขายาว รองเท้าผ้าใบ หรือไม่ก็บางทีใส่oversizeไปเลย แต่เพื่อนก็มักจะพูดแนว ๆ ประมาณว่าหนูไม่มีความมั่นใจ ไม่กล้าโชว์ อ้วน นี่นั่นนู่น หนักสุดก็เคยโดนเรียกว่าpick meบ้าง เรียกร้องให้ผู้ชายมองว่าฉันไม่ใช่ผู้หญิงแต่งตัวแนวsexyแนวโป๊นะบ้าง ไม่หัดโป๊เพราะไม่มีให้โชว์นี่นั่นนู่น ซึ่งก็เคยบอกเขาหลายทีแล้วว่าที่แต่งแบบทุกวันนี้มันคือความมั่นใจของเราจริง ๆ คือถ้าให้ไปแต่งแบบนั้นหนูก็ทำไม่ได้🥲 คือใครสะดวกใจแบบไหนก็ทำไปแต่อย่ามายุ่งกับช้านนน5555555 ปล. ตอนนี้เลิกคบกับเพื่อนคนนั้นไปแล้วเพราะรู้สึกไม่ไหวแล้ว5555 กดฉ่ำเกินคุณน้า,45:40 จากประสบการณ์ยืนยันอีกเสียงค่ะว่าผู้หญิงตัดสินกันเองบ่อยมาก อย่างของหนูที่เจอคือคุยกับเพื่อนคนนึงซึ่งหัวข้อก็คือเรื่องแฟชั่น หนูจะเป็นคนที่ชอบใส่เสื้อแขนยาว กางเกงขายาว รองเท้าผ้าใบ หรือไม่ก็บางทีใส่oversizeไปเลย แต่เพื่อนก็มักจะพูดแนว ๆ ประมาณว่าหนูไม่มีความมั่นใจ ไม่กล้าโชว์ อ้วน นี่นั่นนู่น หนักสุดก็เคยโดนเรียกว่าpick meบ้าง เรียกร้องให้ผู้ชายมองว่าฉันไม่ใช่ผู้หญิงแต่งตัวแนวsexyแนวโป๊นะบ้าง ไม่หัดโป๊เพราะไม่มีให้โชว์นี่นั่นนู่น ซึ่งก็เคยบอกเขาหลายทีแล้วว่าที่แต่งแบบทุกวันนี้มันคือความมั่นใจของเราจริง ๆ คือถ้าให้ไปแต่งแบบนั้นหนูก็ทำไม่ได้🥲 คือใครสะดวกใจแบบไหนก็ทำไปแต่อย่ามายุ่งกับช้านนน5555555 ปล. ตอนนี้เลิกคบกับเพื่อนคนนั้นไปแล้วเพราะรู้สึกไม่ไหวแล้ว5555 กดฉ่ำเกินคุณน้า,2025-10-11 21:42:43
UgyeFumD9_GEjImij6d4AaABAg.AGIhtmk5zLXAGJsdJBae8y,youtube,video,https://www.youtube.com/watch?v=bQoVZe4Ohbo,comment,2025-04-12 00:00:00,yt-dlp,อย่าเรียกว่าเพื่อนครับ เรียกว่าคนเคยรู้จักพอ 55555,อย่าเรียกว่าเพื่อนครับ เรียกว่าคนเคยรู้จักพอ 55555,2025-10-11 21:42:43
UgyeFumD9_GEjImij6d4AaABAg.AGIhtmk5zLXAJCUHJGYl0T,youtube,video,https://www.youtube.com/watch?v=bQoVZe4Ohbo,comment,2025-06-12 00:00:00,yt-dlp,โลกของผู้หญิงมันก็แบบนี้ล่ะครับไม่ได้จะเหมารวมแต่หลายๆครั้งที่ผมเจอโคตร toxic ผมเป็นคนรับฟังเก่งผู้หญิงที่ทำงานเลยชอบมาเล่านั่นนี่นินทานั่นนี่ให้ฟังเพราะรู้ว่าผมจะไม่มีวันพูดต่อแน่นอน สรุปคือมีเยอะมากที่ผู้หญิงต่อหน้าอยู่ด้วยกันโคตรจะรักกันแต่พอเผลอไม่ได้อยู่ด้วยเมื่อไหร่นินทาชนิดที่ว่านี่ไม่ใช่เพื่อนละ นี่แม้งคู่อริชัดๆใส่ไฟใส่ร้ายกันสุดๆทั้งสองฝ่ายเลย แต่พอต่อหน้าก็มาแสดงเสแสร้งแกล้งรักกัน,โลกของผู้หญิงมันก็แบบนี้ล่ะครับไม่ได้จะเหมารวมแต่หลายๆครั้งที่ผมเจอโคตร toxic ผมเป็นคนรับฟังเก่งผู้หญิงที่ทำงานเลยชอบมาเล่านั่นนี่นินทานั่นนี่ให้ฟังเพราะรู้ว่าผมจะไม่มีวันพูดต่อแน่นอน สรุปคือมีเยอะมากที่ผู้หญิงต่อหน้าอยู่ด้วยกันโคตรจะรักกันแต่พอเผลอไม่ได้อยู่ด้วยเมื่อไหร่นินทาชนิดที่ว่านี่ไม่ใช่เพื่อนละ นี่แม้งคู่อริชัดๆใส่ไฟใส่ร้ายกันสุดๆทั้งสองฝ่ายเลย แต่พอต่อหน้าก็มาแสดงเสแสร้งแกล้งรักกัน,2025-10-11 21:42:43
UgxXKSTDu9U9wm1EdoJ4AaABAg,youtube,video,https://www.youtube.com/watch?v=bQoVZe4Ohbo,comment,2025-04-12 00:00:00,yt-dlp,"ไม่มีใคร:
พี่บิ๊ก:😯🫵","ไม่มีใคร:
พี่บิ๊ก:😯🫵",2025-10-11 21:42:43
UgwN-VPZQwRtXXXDK6l4AaABAg,youtube,video,https://www.youtube.com/watch?v=bQoVZe4Ohbo,comment,2025-04-12 00:00:00,yt-dlp,หน้าฮี๋นี่ผมไม่ถือว่าเหยียดอวัยวะเพศหญิงนะ คือสำหรับผมมันเอาไว้ด่าเพื่อนที่ยึดเอาฮี๋เป็นสรณะ เอาเป็นที่ตั้ง เห็นฮี๋มาก่อนอะไรแบบนี้ แถมบางทีโดนว่าก็มันก็แบบ นี่ให้เกียรติเลยนะ เอาฮี๋มาขึ้นบนหน้า 😂😂,หน้าฮี๋นี่ผมไม่ถือว่าเหยียดอวัยวะเพศหญิงนะ คือสำหรับผมมันเอาไว้ด่าเพื่อนที่ยึดเอาฮี๋เป็นสรณะ เอาเป็นที่ตั้ง เห็นฮี๋มาก่อนอะไรแบบนี้ แถมบางทีโดนว่าก็มันก็แบบ นี่ให้เกียรติเลยนะ เอาฮี๋มาขึ้นบนหน้า 😂😂,2025-10-11 21:42:43
UgyD_hLgScxzSrnQ7gR4AaABAg,youtube,video,https://www.youtube.com/watch?v=bQoVZe4Ohbo,comment,2025-04-12 00:00:00,yt-dlp,50:40 น้ำพุ่งเลยผม😂😂😂,50:40 น้ำพุ่งเลยผม😂😂😂,2025-10-11 21:42:43
UgxJHV4DQ1JjcmcCrYp4AaABAg,youtube,video,https://www.youtube.com/watch?v=bQoVZe4Ohbo,comment,2025-04-12 00:00:00,yt-dlp,"50:55 ผมหลุดจำเลยครับ
ลูกพี่จอมมารบ่วงจี้เส้นคนดูจัด🤣","50:55 ผมหลุดจำเลยครับ
ลูกพี่จอมมารบ่วงจี้เส้นคนดูจัด🤣",2025-10-11 21:42:43
Ugw2XKRrqAAYjNJ1Dkx4AaABAg,youtube,video,https://www.youtube.com/watch?v=bQoVZe4Ohbo,comment,2025-04-12 00:00:00,yt-dlp,"ชายแท้ คือ มีคนปมเรื่องความเป็นชาย มันคือลัทธิเลยเอาเรื่องจริงส่วนหนึ่งมาเติมแต่งให้มันเป็นวัฒนธรรม กลายเป็นการโฟกัสสิ่งนี้มันกลายเป็นชีวิตเขาไปแล้ว มันคือพยายามทำเรื่องไม่จำเป็นเป็นเรื่องที่จำเป็น คนที่เป็นชายน้อยกว่าก็ไปเหยียด แบบ Toxic อะจริง ๆ โลกนี้มันอะไรก็ได้เลยเว้ยจะเป็นชายแท้หรือไม่แท้มันดึงดูดผู้หญิงร่ำรวยมีชีวิตที่ดีได้หมดเพราะมีคนทำมาหมดแล้ว มันอยู่ที่ว่าจะเลือกเดินทางไหนไม่ต้องไปเหยียดเขา

ปล. บริบทชายแท้มันควรจะเป็นแบบนี้ไม่ใช่เอาไว้ด่าผู้ชายที่แค่มีความคิดเห็นต่างจากผู้หญิง","ชายแท้ คือ มีคนปมเรื่องความเป็นชาย มันคือลัทธิเลยเอาเรื่องจริงส่วนหนึ่งมาเติมแต่งให้มันเป็นวัฒนธรรม กลายเป็นการโฟกัสสิ่งนี้มันกลายเป็นชีวิตเขาไปแล้ว มันคือพยายามทำเรื่องไม่จำเป็นเป็นเรื่องที่จำเป็น คนที่เป็นชายน้อยกว่าก็ไปเหยียด แบบ Toxic อะจริง ๆ โลกนี้มันอะไรก็ได้เลยเว้ยจะเป็นชายแท้หรือไม่แท้มันดึงดูดผู้หญิงร่ำรวยมีชีวิตที่ดีได้หมดเพราะมีคนทำมาหมดแล้ว มันอยู่ที่ว่าจะเลือกเดินทางไหนไม่ต้องไปเหยียดเขา

ปล. บริบทชายแท้มันควรจะเป็นแบบนี้ไม่ใช่เอาไว้ด่าผู้ชายที่แค่มีความคิดเห็นต่างจากผู้หญิง",2025-10-11 21:42:43
UgwgPP-Kn8f9a5w3q6l4AaABAg,youtube,video,https://www.youtube.com/watch?v=bQoVZe4Ohbo,comment,2025-04-12 00:00:00,yt-dlp,ขอบคุณที่มาเป็นกระบอกเสียงนะครับ เเต่สุดท้ายเเล้ว มันมาเวย์นี้  เราได้ปรับตัวตาม เเต่อนาคตคงหนักกว่านี้ รุนเเรงกว่านี้,ขอบคุณที่มาเป็นกระบอกเสียงนะครับ เเต่สุดท้ายเเล้ว มันมาเวย์นี้  เราได้ปรับตัวตาม เเต่อนาคตคงหนักกว่านี้ รุนเเรงกว่านี้,2025-10-11 21:42:43
Ugz1XOYa5owBIGgDBT14AaABAg,youtube,video,https://www.youtube.com/watch?v=bQoVZe4Ohbo,comment,2025-04-12 00:00:00,yt-dlp,ตอนเด็กผมแค่ชอบดูมายลิทเติลโพนี่ พ่อคิดว่าผมเป็นตุ๊ดตลอด🗣️🔥,ตอนเด็กผมแค่ชอบดูมายลิทเติลโพนี่ พ่อคิดว่าผมเป็นตุ๊ดตลอด🗣️🔥,2025-10-11 21:42:43
Ugz3oZf3sDFXQNhlBSl4AaABAg,youtube,video,https://www.youtube.com/watch?v=bQoVZe4Ohbo,comment,2025-04-12 00:00:00,yt-dlp,34:46 ลั่น,34:46 ลั่น,2025-10-11 21:42:43
Ugw5VRFWMNVVMmyamsJ4AaABAg,youtube,video,https://www.youtube.com/watch?v=bQoVZe4Ohbo,comment,2025-04-12 00:00:00,yt-dlp,อยากให้พี่บิ๊กบ่วงๆ เปิดดิสที่เป็นของบิ๊กบ่วง พูดคุยแลกเปลี่ยน ความติดเห็น เพื่อหามุมมองที่แตกต่าง มุมมองที่เพิ่มขึ้น แล้วมีการเปิดวาปชาวแชทครับ เพื่อคอมมูนิตี้อันยิ่งใหญ่ของชาวเรา (ขอแค่ไม่เรื้อนแบบช่องบอสก็พอ),อยากให้พี่บิ๊กบ่วงๆ เปิดดิสที่เป็นของบิ๊กบ่วง พูดคุยแลกเปลี่ยน ความติดเห็น เพื่อหามุมมองที่แตกต่าง มุมมองที่เพิ่มขึ้น แล้วมีการเปิดวาปชาวแชทครับ เพื่อคอมมูนิตี้อันยิ่งใหญ่ของชาวเรา (ขอแค่ไม่เรื้อนแบบช่องบอสก็พอ),2025-10-11 21:42:43
Ugw5VRFWMNVVMmyamsJ4AaABAg.AGHX18pFNldAGIthHTqMO6,youtube,video,https://www.youtube.com/watch?v=bQoVZe4Ohbo,comment,2025-04-12 00:00:00,yt-dlp,เรื้อนแน่นอน,เรื้อนแน่นอน,2025-10-11 21:42:43
UgySXxuVwKW-NqRt99B4AaABAg,youtube,video,https://www.youtube.com/watch?v=bQoVZe4Ohbo,comment,2025-04-12 00:00:00,yt-dlp,ควรจะใช้ว่าผู้ชาย น่ารังเกียจหรือว่าผู้ชาย toxic ไปเลย มันเป็นการไปบิด ความหมายเดิมจนมั่วแล้วรู้ๆกันอยู่ว่าความหมายนี้มันใช้กันบ่อย มันจะทำให้เกิดการสับสนว่าตกลงเป็นการบอกเฉยๆหรือเป็นการด่า,ควรจะใช้ว่าผู้ชาย น่ารังเกียจหรือว่าผู้ชาย toxic ไปเลย มันเป็นการไปบิด ความหมายเดิมจนมั่วแล้วรู้ๆกันอยู่ว่าความหมายนี้มันใช้กันบ่อย มันจะทำให้เกิดการสับสนว่าตกลงเป็นการบอกเฉยๆหรือเป็นการด่า,2025-10-11 21:42:43
UgyA_pS1bhSJufpXWex4AaABAg,youtube,video,https://www.youtube.com/watch?v=bQoVZe4Ohbo,comment,2025-04-12 00:00:00,yt-dlp,☕☕☕☕,☕☕☕☕,2025-10-11 21:42:43
UgwBl40M9JJ9m-jRU0t4AaABAg,youtube,video,https://www.youtube.com/watch?v=bQoVZe4Ohbo,comment,2025-04-12 00:00:00,yt-dlp,แล้วก็พูดไปเรื่อย,แล้วก็พูดไปเรื่อย,2025-10-11 21:42:43
UgzQHcWME84CaAcyCxF4AaABAg,youtube,video,https://www.youtube.com/watch?v=bQoVZe4Ohbo,comment,2025-04-12 00:00:00,yt-dlp,แล้วเพื่อนผมตีความมีมกาแฟต่อว่ามันคือ women tea = อู้เหม็นฮี 55555,แล้วเพื่อนผมตีความมีมกาแฟต่อว่ามันคือ women tea = อู้เหม็นฮี 55555,2025-10-11 21:42:43
UgyBL1ogfYVeRA4dO954AaABAg,youtube,video,https://www.youtube.com/watch?v=bQoVZe4Ohbo,comment,2025-04-12 00:00:00,yt-dlp,ไลฟ์ไหนนะครับที่ พี่บิ๊กเล่าเกี่ยวกับเหตุกาน แผ่นดินไหวแล้วพี่บิ๊กห่วงคอม มีใครจำได้มั้ยครับ,ไลฟ์ไหนนะครับที่ พี่บิ๊กเล่าเกี่ยวกับเหตุกาน แผ่นดินไหวแล้วพี่บิ๊กห่วงคอม มีใครจำได้มั้ยครับ,2025-10-11 21:42:43
Ugy8J-EqG7SjvvuxR8V4AaABAg,youtube,video,https://www.youtube.com/watch?v=bQoVZe4Ohbo,comment,2025-04-12 00:00:00,yt-dlp,50:55 วิธีการพิสูจน์ความบริสุทธิ์ของผู้ชาย,50:55 วิธีการพิสูจน์ความบริสุทธิ์ของผู้ชาย,2025-10-11 21:42:43
UgyrDxjP0uqwqBdy7IJ4AaABAg,youtube,video,https://www.youtube.com/watch?v=bQoVZe4Ohbo,comment,2025-04-12 00:00:00,yt-dlp,"ถ้ามีคนมาด่าผมว่า ริสัยชายแท้
ผมก็จะบอกว่า โอเคครับ ตุ๊ดแท้","ถ้ามีคนมาด่าผมว่า ริสัยชายแท้
ผมก็จะบอกว่า โอเคครับ ตุ๊ดแท้",2025-10-11 21:42:43
UgyrDxjP0uqwqBdy7IJ4AaABAg.AGFWioYh3HmAGFeZkLsJfy,youtube,video,https://www.youtube.com/watch?v=bQoVZe4Ohbo,comment,2025-04-12 00:00:00,yt-dlp,ฮาจริง IMDB 10/10,ฮาจริง IMDB 10/10,2025-10-11 21:42:43
UgyrDxjP0uqwqBdy7IJ4AaABAg.AGFWioYh3HmAGI65Bj2e4n,youtube,video,https://www.youtube.com/watch?v=bQoVZe4Ohbo,comment,2025-04-12 00:00:00,yt-dlp,Based ครับท่าน 🇹🇭⚒️,Based ครับท่าน 🇹🇭⚒️,2025-10-11 21:42:43
UgxWyXenKUh8Donfded4AaABAg,youtube,video,https://www.youtube.com/watch?v=bQoVZe4Ohbo,comment,2025-04-12 00:00:00,yt-dlp,"ปล่อยให้พี่บ่วงได้ทำอาหาร 🗣🔥
เชื่อดิ เดี๋ยวพี่บ่วงก็โดนอีกในคลิปนี้ 555555555","ปล่อยให้พี่บ่วงได้ทำอาหาร 🗣🔥
เชื่อดิ เดี๋ยวพี่บ่วงก็โดนอีกในคลิปนี้ 555555555",2025-10-11 21:42:43
UgxWyXenKUh8Donfded4AaABAg.AGFSmIFlexeAGFUX2Rkmwb,youtube,video,https://www.youtube.com/watch?v=bQoVZe4Ohbo,comment,2025-04-12 00:00:00,yt-dlp,ทำไรก็โดน ทั้งขึ้นทั้งล่อง,ทำไรก็โดน ทั้งขึ้นทั้งล่อง,2025-10-11 21:42:43
UgyukRXd48Cqe68cs-N4AaABAg,youtube,video,https://www.youtube.com/watch?v=bQoVZe4Ohbo,comment,2025-04-12 00:00:00,yt-dlp,คุยกันเรื่องนี้ไม่ต่างอะไรกับยื่นขนมให้จอมมาร😂,คุยกันเรื่องนี้ไม่ต่างอะไรกับยื่นขนมให้จอมมาร😂,2025-10-11 21:42:43
UgxkrEOUkLs9dEab_tN4AaABAg,youtube,video,https://www.youtube.com/watch?v=bQoVZe4Ohbo,comment,2025-04-12 00:00:00,yt-dlp,เรื่่องที่ว่าอำนาจเบื้องหลังแบบฮองเฮาเราว่ายังไงก็ยังอยู่ในส่วนที่ชายเป็นใหญ่อยู่ดีนะ ที่เขาต้องชักจูงจักรพรรดิเพราะไม่มีอำนาจเป็นของต้วเอง ถ้าเขาทำเองได้จะต้องเสียแรงไปชักจูงคนอื่นทำไม,เรื่่องที่ว่าอำนาจเบื้องหลังแบบฮองเฮาเราว่ายังไงก็ยังอยู่ในส่วนที่ชายเป็นใหญ่อยู่ดีนะ ที่เขาต้องชักจูงจักรพรรดิเพราะไม่มีอำนาจเป็นของต้วเอง ถ้าเขาทำเองได้จะต้องเสียแรงไปชักจูงคนอื่นทำไม,2025-10-11 21:42:43
Ugy_e99-cnTGy-KgHYd4AaABAg,youtube,video,https://www.youtube.com/watch?v=bQoVZe4Ohbo,comment,2025-04-12 00:00:00,yt-dlp,อยากได้ผู้ชายเป็นผู้นำ = อยากได้ผัวที่เป็นทาส ที่ทำเป็นทุกอย่าง ☕,อยากได้ผู้ชายเป็นผู้นำ = อยากได้ผัวที่เป็นทาส ที่ทำเป็นทุกอย่าง ☕,2025-10-11 21:42:43
UgwcgkGRgN5361GPL4t4AaABAg,youtube,video,https://www.youtube.com/watch?v=bQoVZe4Ohbo,comment,2025-04-12 00:00:00,yt-dlp,จอมมารรร มีแฟนได้ไง นึกไม่ออกเลย แฟนพี่บ่วงรับมือไงฮะ,จอมมารรร มีแฟนได้ไง นึกไม่ออกเลย แฟนพี่บ่วงรับมือไงฮะ,2025-10-11 21:42:43
Ugx_QNHB3nGkI5HBzId4AaABAg,youtube,video,https://www.youtube.com/watch?v=bQoVZe4Ohbo,comment,2025-04-12 00:00:00,yt-dlp,กูคือพระเจ้า 555555(หัวเราะแบบ โจ๊กเกอร์),กูคือพระเจ้า 555555(หัวเราะแบบ โจ๊กเกอร์),2025-10-11 21:42:43
Ugz-6AX9OiIaqC1Et6t4AaABAg,youtube,video,https://www.youtube.com/watch?v=bQoVZe4Ohbo,comment,2025-04-12 00:00:00,yt-dlp,37:55 พี่บิ๊กไม่เข้าใจ meme จิบกาแฟ #ลุงบิ๊ก #Bigboomer,37:55 พี่บิ๊กไม่เข้าใจ meme จิบกาแฟ #ลุงบิ๊ก #Bigboomer,2025-10-11 21:42:43
UgyuVngpcUzuD5qiOJx4AaABAg,youtube,video,https://www.youtube.com/watch?v=bQoVZe4Ohbo,comment,2025-04-12 00:00:00,yt-dlp,ผช.ที่มี body count เยอะ = high value ก็ถูกแล้วนิครับ?  เคยเห็นผช.ขี้เหร่อ้วนไม่มีแดก  แล้วผญ.ไหนมันจะให้เอาล่ะครับ?  เอาความจริงมาพูด  อย่าคิดเองเออเองครับพี่บ่วง,ผช.ที่มี body count เยอะ = high value ก็ถูกแล้วนิครับ?  เคยเห็นผช.ขี้เหร่อ้วนไม่มีแดก  แล้วผญ.ไหนมันจะให้เอาล่ะครับ?  เอาความจริงมาพูด  อย่าคิดเองเออเองครับพี่บ่วง,2025-10-11 21:42:43
UgyuVngpcUzuD5qiOJx4AaABAg.AGF1K5JhMXzAGFf3lKWYiJ,youtube,video,https://www.youtube.com/watch?v=bQoVZe4Ohbo,comment,2025-04-12 00:00:00,yt-dlp,ไม่เห็นจำเป็นเลยครับ การได้เอาก้บ ผญ เยอะ ต่อให้​ไม่หล่อ รวยก็เอาสาวเยอะได้ ถ้าเกิดหมกมุ่นกับมัน,ไม่เห็นจำเป็นเลยครับ การได้เอาก้บ ผญ เยอะ ต่อให้​ไม่หล่อ รวยก็เอาสาวเยอะได้ ถ้าเกิดหมกมุ่นกับมัน,2025-10-11 21:42:43
UgybiICAMTUTR1CU1CZ4AaABAg,youtube,video,https://www.youtube.com/watch?v=bQoVZe4Ohbo,comment,2025-04-12 00:00:00,yt-dlp,ผมอยากให้มีแขกผู้หญิงมาพูดคุยกับพี่ๆบ้างอะครับ ยังไงฝากพิจารณาด้วยครับ,ผมอยากให้มีแขกผู้หญิงมาพูดคุยกับพี่ๆบ้างอะครับ ยังไงฝากพิจารณาด้วยครับ,2025-10-11 21:42:43
UgybiICAMTUTR1CU1CZ4AaABAg.AGEyQysCc1bAGF8TtMn7ii,youtube,video,https://www.youtube.com/watch?v=bQoVZe4Ohbo,comment,2025-04-12 00:00:00,yt-dlp,พี่นกเลยคนแรก,พี่นกเลยคนแรก,2025-10-11 21:42:43
UgybiICAMTUTR1CU1CZ4AaABAg.AGEyQysCc1bAGFBzREKIMC,youtube,video,https://www.youtube.com/watch?v=bQoVZe4Ohbo,comment,2025-04-12 00:00:00,yt-dlp,@ไอ้เต้-ส1ท  เอาพี่นกมาน่าจะไม่ได้คุยครับน่าจะได้ฟังอย่างเดียว, @ไอ้เต้-ส1ท  เอาพี่นกมาน่าจะไม่ได้คุยครับน่าจะได้ฟังอย่างเดียว,2025-10-11 21:42:43
UgybiICAMTUTR1CU1CZ4AaABAg.AGEyQysCc1bAGFQJwaqg8Z,youtube,video,https://www.youtube.com/watch?v=bQoVZe4Ohbo,comment,2025-04-12 00:00:00,yt-dlp,ลุงนกเป็นชายแท้ครับ ไม่เข้าข่ายผู้หญิงนะครับ โปรดพิจารณาด้วย😅,ลุงนกเป็นชายแท้ครับ ไม่เข้าข่ายผู้หญิงนะครับ โปรดพิจารณาด้วย😅,2025-10-11 21:42:43
UgybiICAMTUTR1CU1CZ4AaABAg.AGEyQysCc1bAGFRf3M-Dp7,youtube,video,https://www.youtube.com/watch?v=bQoVZe4Ohbo,comment,2025-04-12 00:00:00,yt-dlp,น่าจะยากครับ ถ้าไม่สนิทแทบไม่มีใครอยากคุยกับพี่บ่วง,น่าจะยากครับ ถ้าไม่สนิทแทบไม่มีใครอยากคุยกับพี่บ่วง,2025-10-11 21:42:43
UgybiICAMTUTR1CU1CZ4AaABAg.AGEyQysCc1bAGFdMPYSzVD,youtube,video,https://www.youtube.com/watch?v=bQoVZe4Ohbo,comment,2025-04-12 00:00:00,yt-dlp,@ไอ้เต้-ส1ท อย่าเลย จากที่ดูในปดดีเบต แค่พูดคุยประเด็นซีเรียสหน่อยก็คุมอารมณ์ไม่อยู่ พูดใส่อารมณ์ใส่คนอื่น พูดแทรกพูดขัดคนอื่น ไม่สามารถคุยด้วยเหตุผลจนจบไลฟ์แน่นอน, @ไอ้เต้-ส1ท อย่าเลย จากที่ดูในปดดีเบต แค่พูดคุยประเด็นซีเรียสหน่อยก็คุมอารมณ์ไม่อยู่ พูดใส่อารมณ์ใส่คนอื่น พูดแทรกพูดขัดคนอื่น ไม่สามารถคุยด้วยเหตุผลจนจบไลฟ์แน่นอน,2025-10-11 21:42:43
UgybiICAMTUTR1CU1CZ4AaABAg.AGEyQysCc1bAGG1iiKIlW-,youtube,video,https://www.youtube.com/watch?v=bQoVZe4Ohbo,comment,2025-04-12 00:00:00,yt-dlp,@ โดนแล้วนะพิมพ์อย่างนี้โดนแคปด่าในXละนะ,@ โดนแล้วนะพิมพ์อย่างนี้โดนแคปด่าในXละนะ,2025-10-11 21:42:43
UgybiICAMTUTR1CU1CZ4AaABAg.AGEyQysCc1bAGGbGjAhigk,youtube,video,https://www.youtube.com/watch?v=bQoVZe4Ohbo,comment,2025-04-12 00:00:00,yt-dlp,พี่บ่วงเคยโต้วาทีแล้วครับ จำไม่ได้ว่าแพลตฟอร์มไหน ผลลัพธ์คืออีกฝั่งหัวเสียEQต่ำ เน้นด่าไม่เน้นตรรกะ เน้นแซะเน้นโจมตีตัวบุคคล ตรรกะวิบัติ,พี่บ่วงเคยโต้วาทีแล้วครับ จำไม่ได้ว่าแพลตฟอร์มไหน ผลลัพธ์คืออีกฝั่งหัวเสียEQต่ำ เน้นด่าไม่เน้นตรรกะ เน้นแซะเน้นโจมตีตัวบุคคล ตรรกะวิบัติ,2025-10-11 21:42:43
UgybiICAMTUTR1CU1CZ4AaABAg.AGEyQysCc1bAGJTuk5H84F,youtube,video,https://www.youtube.com/watch?v=bQoVZe4Ohbo,comment,2025-04-12 00:00:00,yt-dlp,ใครดี?เสนอชื่อให้พวกพี่เค้าด้วย,ใครดี?เสนอชื่อให้พวกพี่เค้าด้วย,2025-10-11 21:42:43
UgybiICAMTUTR1CU1CZ4AaABAg.AGEyQysCc1bAGJtFZ1dnFC,youtube,video,https://www.youtube.com/watch?v=bQoVZe4Ohbo,comment,2025-04-12 00:00:00,yt-dlp,@ ขอที่เป็นโครโมโซม XX อะครับ และไม่จำเป็นต้องเป็นหัวข้อชายแทร่หญิงแทร่อะไรนะครับ แค่อยากให้มีสักไลฟ์ ให้ผู้หญิงเข้ามาพูดคุยกับบิ๊กบ่วงบ้าง จะ 2-1 หรือ 2-2 ก็ได้ เพราะเห็นช่องนี้ผู้หญิงเขาก็ดูกันเยอะอยู่ ก็เลยแบบอยากให้มี และลองพูดคุยแลกเปลี่ยนในมุมของผู้หญิงดู บางอย่างต้องฟังมุมผู้หญิง แต่ปัญหาคือเอาใครมาเนี่ยแหละ แต่ขอไม่ใช่พี่นก 5555,@ ขอที่เป็นโครโมโซม XX อะครับ และไม่จำเป็นต้องเป็นหัวข้อชายแทร่หญิงแทร่อะไรนะครับ แค่อยากให้มีสักไลฟ์ ให้ผู้หญิงเข้ามาพูดคุยกับบิ๊กบ่วงบ้าง จะ 2-1 หรือ 2-2 ก็ได้ เพราะเห็นช่องนี้ผู้หญิงเขาก็ดูกันเยอะอยู่ ก็เลยแบบอยากให้มี และลองพูดคุยแลกเปลี่ยนในมุมของผู้หญิงดู บางอย่างต้องฟังมุมผู้หญิง แต่ปัญหาคือเอาใครมาเนี่ยแหละ แต่ขอไม่ใช่พี่นก 5555,2025-10-11 21:42:43
UgybiICAMTUTR1CU1CZ4AaABAg.AGEyQysCc1bAGMq5qOhmfj,youtube,video,https://www.youtube.com/watch?v=bQoVZe4Ohbo,comment,2025-04-12 00:00:00,yt-dlp,ไม่อยากจะเหมารวมนะแต่หายากมาก เอาแค่ผช. จะหาคนแบบ2คนนี้ยังยากเลย นี่ดูpodcastของผู้หญิงแต่ละคนนี่ก็ หญิงแทร่เลยแหละ จำได้คนนึง ที่เคยทำคลิปกับผช.มาก่อน จนทุกวันนี้แยกไปทำกับผญ.เองละ และคลิปก็กลายเป็นแนวเม้ามอยตามสไตล์ผู้หญิงแทน,ไม่อยากจะเหมารวมนะแต่หายากมาก เอาแค่ผช. จะหาคนแบบ2คนนี้ยังยากเลย นี่ดูpodcastของผู้หญิงแต่ละคนนี่ก็ หญิงแทร่เลยแหละ จำได้คนนึง ที่เคยทำคลิปกับผช.มาก่อน จนทุกวันนี้แยกไปทำกับผญ.เองละ และคลิปก็กลายเป็นแนวเม้ามอยตามสไตล์ผู้หญิงแทน,2025-10-11 21:42:43
UgybiICAMTUTR1CU1CZ4AaABAg.AGEyQysCc1bANJVc0HIJdZ,youtube,video,https://www.youtube.com/watch?v=bQoVZe4Ohbo,comment,2025-09-28 00:00:00,yt-dlp,@raweeruairuen8540 อันนี้จริง และผู้หญิงส่วนมากไม่เหมือนผู้ชายตรงที่ว่าไม่พูดตรงๆ คือถ้าอีกฝ่ายมีความคิดแปลกๆจะไม่ค่อยแย้ง จะอื้อๆ อ่าๆ หรืออู๊ยยย วู้ววว ไม่มีมาแย้งกันตรงๆแบบ2คนนี้อะ, @raweeruairuen8540 อันนี้จริง และผู้หญิงส่วนมากไม่เหมือนผู้ชายตรงที่ว่าไม่พูดตรงๆ คือถ้าอีกฝ่ายมีความคิดแปลกๆจะไม่ค่อยแย้ง จะอื้อๆ อ่าๆ หรืออู๊ยยย วู้ววว ไม่มีมาแย้งกันตรงๆแบบ2คนนี้อะ,2025-10-11 21:42:43
Ugz9ctvfdtcUvS58CFR4AaABAg,youtube,video,https://www.youtube.com/watch?v=bQoVZe4Ohbo,comment,2025-04-12 00:00:00,yt-dlp,เออจะว่าไป พวกพี่มีเพื่อนผู้หญิงที่มีจังหวะเข้ากันได้กับพวกพี่ไหมครับ น่าเห็น ผู้หญิงในรายการ บิ๊กบ่วงเหมือนกัน,เออจะว่าไป พวกพี่มีเพื่อนผู้หญิงที่มีจังหวะเข้ากันได้กับพวกพี่ไหมครับ น่าเห็น ผู้หญิงในรายการ บิ๊กบ่วงเหมือนกัน,2025-10-11 21:42:43
Ugz9ctvfdtcUvS58CFR4AaABAg.AGEraiOdCXjAGEyVdTzKnh,youtube,video,https://www.youtube.com/watch?v=bQoVZe4Ohbo,comment,2025-04-12 00:00:00,yt-dlp,เอาจริง สำหรับผม เพื่อนผญ.จริงๆสำหรับผช.ไม่มีหรอกครับ  มีแต่ผญ.ที่กุหวังจะเยสแล้วยังไม่มีโอกาสเลยเรียกแปะป้ายว่าเพื่อน  เพราะผช.มันไม่คบผญ.ขี้เหร่เป็นเพื่อน,เอาจริง สำหรับผม เพื่อนผญ.จริงๆสำหรับผช.ไม่มีหรอกครับ  มีแต่ผญ.ที่กุหวังจะเยสแล้วยังไม่มีโอกาสเลยเรียกแปะป้ายว่าเพื่อน  เพราะผช.มันไม่คบผญ.ขี้เหร่เป็นเพื่อน,2025-10-11 21:42:43
Ugz9ctvfdtcUvS58CFR4AaABAg.AGEraiOdCXjAGFREoTCeYU,youtube,video,https://www.youtube.com/watch?v=bQoVZe4Ohbo,comment,2025-04-12 00:00:00,yt-dlp,​ @kalistaswain9399  อยากแย้งนะ แต่ทำไมมันจริงวะ,​ @kalistaswain9399  อยากแย้งนะ แต่ทำไมมันจริงวะ,2025-10-11 21:42:43
Ugz9ctvfdtcUvS58CFR4AaABAg.AGEraiOdCXjAGFfKnKkrlu,youtube,video,https://www.youtube.com/watch?v=bQoVZe4Ohbo,comment,2025-04-12 00:00:00,yt-dlp,​ @kalistaswain9399 ใจเย็น พี่ชายก็หมกมุ่นจัด,​ @kalistaswain9399 ใจเย็น พี่ชายก็หมกมุ่นจัด,2025-10-11 21:42:43
Ugz9ctvfdtcUvS58CFR4AaABAg.AGEraiOdCXjAGFkq5PeFjf,youtube,video,https://www.youtube.com/watch?v=bQoVZe4Ohbo,comment,2025-04-12 00:00:00,yt-dlp,@norapuththanmanee3738  มืงเป็นผช.แล้วมืงไม่หมกมุ่นนี่มืงพิการรึป่าว?,@norapuththanmanee3738  มืงเป็นผช.แล้วมืงไม่หมกมุ่นนี่มืงพิการรึป่าว?,2025-10-11 21:42:43
Ugz9ctvfdtcUvS58CFR4AaABAg.AGEraiOdCXjAGGJchpiwpO,youtube,video,https://www.youtube.com/watch?v=bQoVZe4Ohbo,comment,2025-04-12 00:00:00,yt-dlp,เห็นด้วยครับ,เห็นด้วยครับ,2025-10-11 21:42:43
Ugz9ctvfdtcUvS58CFR4AaABAg.AGEraiOdCXjAGGxbaJ1Os6,youtube,video,https://www.youtube.com/watch?v=bQoVZe4Ohbo,comment,2025-04-12 00:00:00,yt-dlp,จริงครับ อยากฟังมุมมองผู้หญิงบ้าง,จริงครับ อยากฟังมุมมองผู้หญิงบ้าง,2025-10-11 21:42:43
Ugz9ctvfdtcUvS58CFR4AaABAg.AGEraiOdCXjAGGzD-uPJ7R,youtube,video,https://www.youtube.com/watch?v=bQoVZe4Ohbo,comment,2025-04-12 00:00:00,yt-dlp,ระวังโดน บ่วงชก ..แต่ไม่ใช่ทางกายภาพนะ,ระวังโดน บ่วงชก ..แต่ไม่ใช่ทางกายภาพนะ,2025-10-11 21:42:43
UgxAjErx_sJjG2Y29uJ4AaABAg,youtube,video,https://www.youtube.com/watch?v=bQoVZe4Ohbo,comment,2025-04-12 00:00:00,yt-dlp,พี่บ่วงคือผู้เชี่ยวชาญในหัวข้อนี้ โดนชกมาทุกท่า,พี่บ่วงคือผู้เชี่ยวชาญในหัวข้อนี้ โดนชกมาทุกท่า,2025-10-11 21:42:43
UgyJe2WNTHQPfr40dGd4AaABAg,youtube,video,https://www.youtube.com/watch?v=bQoVZe4Ohbo,comment,2025-04-12 00:00:00,yt-dlp,ถ้าให้บอกว่าทำไมสังคมทุกวันนี้ ญ คือผู้กุมอำนาจหลักๆเพราะสภาพสังคมในปัจจุบันไม่ได้ต้องการความเด็ดขาด   ผ่าซาก  แบบอดีตที่เดิมที ผช ถนัดกว่า ผญ ทุกวันนี้ลายละเอียดการใช้ชีวิตมันละเอียดอ่อนมากกว่าอดีตซึ่ง ผญ ถนัดกว่าและรสนิยมทางสังคมการใช้ความรุนแรงคือเรื่องผิดปกติ  ผญ เลยสามารถถือความได้เปรียบตรงนี้มาควบคุม     มันไม่ใช่เรื่องผิดหรือถูกเพราะปัจจัยแยกย่อยมันต่างกันเอาเป้นว่าสภาพสังคมในตอนนี้มันเอื้อให้  ผญ  เป็นผู้นำมากกว่าแต่ฉากหน้าหรือผู้นำประเทศหลายๆที่ก็ยังเป็น  ผช น่ะเพราะเรื่องแบบนี้มันไม่ได้เปลี่ยนไปมากจากอดีตและการตัดสินใจแบบเด็ดขาด  ผช  ทำได้ดีกว่า,ถ้าให้บอกว่าทำไมสังคมทุกวันนี้ ญ คือผู้กุมอำนาจหลักๆเพราะสภาพสังคมในปัจจุบันไม่ได้ต้องการความเด็ดขาด   ผ่าซาก  แบบอดีตที่เดิมที ผช ถนัดกว่า ผญ ทุกวันนี้ลายละเอียดการใช้ชีวิตมันละเอียดอ่อนมากกว่าอดีตซึ่ง ผญ ถนัดกว่าและรสนิยมทางสังคมการใช้ความรุนแรงคือเรื่องผิดปกติ  ผญ เลยสามารถถือความได้เปรียบตรงนี้มาควบคุม     มันไม่ใช่เรื่องผิดหรือถูกเพราะปัจจัยแยกย่อยมันต่างกันเอาเป้นว่าสภาพสังคมในตอนนี้มันเอื้อให้  ผญ  เป็นผู้นำมากกว่าแต่ฉากหน้าหรือผู้นำประเทศหลายๆที่ก็ยังเป็น  ผช น่ะเพราะเรื่องแบบนี้มันไม่ได้เปลี่ยนไปมากจากอดีตและการตัดสินใจแบบเด็ดขาด  ผช  ทำได้ดีกว่า,2025-10-11 21:42:43
UgyJe2WNTHQPfr40dGd4AaABAg.AGEklxOG4YDAGFO7jo_ETp,youtube,video,https://www.youtube.com/watch?v=bQoVZe4Ohbo,comment,2025-04-12 00:00:00,yt-dlp,เพราะแบบนี้ บางคนยังคิดว่าสงครามจึงยังเป็นสิ่งที่มีความจำเป็นอยู่,เพราะแบบนี้ บางคนยังคิดว่าสงครามจึงยังเป็นสิ่งที่มีความจำเป็นอยู่,2025-10-11 21:42:43
UgyJe2WNTHQPfr40dGd4AaABAg.AGEklxOG4YDAGFPaKT9JiM,youtube,video,https://www.youtube.com/watch?v=bQoVZe4Ohbo,comment,2025-04-12 00:00:00,yt-dlp,แคททรอรีน ของจักรวรรดิรัสเซียยังเป็นผู้นำหญิงยุโรปที่ขยายดินแดนกว้างสุดได้เลย มันไม่เกี่ยวหรอกว่าชายหรือหญิง แค่มีปัญญาฉลาดก็สามารถตัดสินใจได้,แคททรอรีน ของจักรวรรดิรัสเซียยังเป็นผู้นำหญิงยุโรปที่ขยายดินแดนกว้างสุดได้เลย มันไม่เกี่ยวหรอกว่าชายหรือหญิง แค่มีปัญญาฉลาดก็สามารถตัดสินใจได้,2025-10-11 21:42:43
UgyJe2WNTHQPfr40dGd4AaABAg.AGEklxOG4YDAGFRQMpeTB0,youtube,video,https://www.youtube.com/watch?v=bQoVZe4Ohbo,comment,2025-04-12 00:00:00,yt-dlp,@ ผมอาจจะสื่อสารไม่ดีเองต้องใช้คำว่าส่วนมากไม่ใช่ทั้งหมดเพราะธรรมชาติ / ฮอร์โมน ผญ / ผช ส่งผลต่อพฤติกรรมคับแต่ไม่ใช่ว่าทุกคนถ้าคุณยกตัวอย่างมาแค่ ผญ คนเดียวผมก็สามารถยกตัวอย่าง ผช ที่สามารถทำแบบนั้นได้อีกโขเลยมันบ่งบอกอะไรนั้นคือสถิติตัวเลขส่วนมากมันบ่งบอกเราแบบนั้นแต่ผมก็ยังคงย้ำแหละว่าไม่ใช่ทุกคนและทุกที่,@ ผมอาจจะสื่อสารไม่ดีเองต้องใช้คำว่าส่วนมากไม่ใช่ทั้งหมดเพราะธรรมชาติ / ฮอร์โมน ผญ / ผช ส่งผลต่อพฤติกรรมคับแต่ไม่ใช่ว่าทุกคนถ้าคุณยกตัวอย่างมาแค่ ผญ คนเดียวผมก็สามารถยกตัวอย่าง ผช ที่สามารถทำแบบนั้นได้อีกโขเลยมันบ่งบอกอะไรนั้นคือสถิติตัวเลขส่วนมากมันบ่งบอกเราแบบนั้นแต่ผมก็ยังคงย้ำแหละว่าไม่ใช่ทุกคนและทุกที่,2025-10-11 21:42:43
UgyJe2WNTHQPfr40dGd4AaABAg.AGEklxOG4YDAGFRe0yHAUw,youtube,video,https://www.youtube.com/watch?v=bQoVZe4Ohbo,comment,2025-04-12 00:00:00,yt-dlp,"@ สงครามไม่ได้เกี่ยวว่าเพศไหนตัดสินใจก่อสงครามมันขึ้นอยู่กับปัจจัยหลายๆอย่างถ้าอ่านครบจะเข้าใจมากขึ้นว่า "" ส่วนมาก "" ธรรมชาติสร้างแนวทาง ผช ผญ มาไม่เหมือนกันถนัดแตกต่างกัน","@ สงครามไม่ได้เกี่ยวว่าเพศไหนตัดสินใจก่อสงครามมันขึ้นอยู่กับปัจจัยหลายๆอย่างถ้าอ่านครบจะเข้าใจมากขึ้นว่า "" ส่วนมาก "" ธรรมชาติสร้างแนวทาง ผช ผญ มาไม่เหมือนกันถนัดแตกต่างกัน",2025-10-11 21:42:43
UgyJe2WNTHQPfr40dGd4AaABAg.AGEklxOG4YDAGFixDFaqUy,youtube,video,https://www.youtube.com/watch?v=bQoVZe4Ohbo,comment,2025-04-12 00:00:00,yt-dlp,ชอบครับพูดถูกใจมีเหตุผลเอาไปเลย1ใจไลค์😂,ชอบครับพูดถูกใจมีเหตุผลเอาไปเลย1ใจไลค์😂,2025-10-11 21:42:43
UgyJe2WNTHQPfr40dGd4AaABAg.AGEklxOG4YDAGHVOqDJfAS,youtube,video,https://www.youtube.com/watch?v=bQoVZe4Ohbo,comment,2025-04-12 00:00:00,yt-dlp,ใช่ครับ ผู้ชายคือผู้ล่า  / ผู้หญิงคือผู้ดูแล ในสภาพสังคมที่ steady ผู้หญิงย่อมมีความได้เปรียบขึ้น แต่ประเด็นคือ ผู้หญิงกับผุ้ชายต่างมีหน้าที่ ที่แตกต่าง ๆ กัน ย่อมต้องพึ่งพาอาศัยกัน  อาจได้เปรัียบและเสียเปรียบในบางบริบท ต้องพิจารณาเป็นเรื่อง ๆ ไป,ใช่ครับ ผู้ชายคือผู้ล่า  / ผู้หญิงคือผู้ดูแล ในสภาพสังคมที่ steady ผู้หญิงย่อมมีความได้เปรียบขึ้น แต่ประเด็นคือ ผู้หญิงกับผุ้ชายต่างมีหน้าที่ ที่แตกต่าง ๆ กัน ย่อมต้องพึ่งพาอาศัยกัน  อาจได้เปรัียบและเสียเปรียบในบางบริบท ต้องพิจารณาเป็นเรื่อง ๆ ไป,2025-10-11 21:42:43
Ugx5_2qWjbKYPKk1SJB4AaABAg,youtube,video,https://www.youtube.com/watch?v=bQoVZe4Ohbo,comment,2025-04-12 00:00:00,yt-dlp,บอทบุก ตึงๆ😂,บอทบุก ตึงๆ😂,2025-10-11 21:42:43
Ugx4UTu5JBtS6Nsks2x4AaABAg,youtube,video,https://www.youtube.com/watch?v=bQoVZe4Ohbo,comment,2025-04-12 00:00:00,yt-dlp,ชายแท้ผมคิดว่ามันเกี่ยวกับสัญชาตญาณเกี่ยวกับวิวัฒนาการด้วยครับยีนส์ที่ส่งต่อมาจากบรรพบุรุษตัวไหนสู้แพ้ก็อดสืบพันธุ์ตัวที่แข็งแกร่งกว่าก็สืบมาจนถึงเราตอนนี้ชายเลยต้องมีความ toxic อยู่ในตัวเป็นธรรมชาตินะ,ชายแท้ผมคิดว่ามันเกี่ยวกับสัญชาตญาณเกี่ยวกับวิวัฒนาการด้วยครับยีนส์ที่ส่งต่อมาจากบรรพบุรุษตัวไหนสู้แพ้ก็อดสืบพันธุ์ตัวที่แข็งแกร่งกว่าก็สืบมาจนถึงเราตอนนี้ชายเลยต้องมีความ toxic อยู่ในตัวเป็นธรรมชาตินะ,2025-10-11 21:42:43
UgwuGa9h4gIwWPcb0eh4AaABAg,youtube,video,https://www.youtube.com/watch?v=bQoVZe4Ohbo,comment,2025-04-12 00:00:00,yt-dlp,คำพวกนี้มันมาจากสังคมคุณภาพอย่าง Tiktok ของเรานั้นเองอย่าง ซิกม่า จ่าฟูง เริ่มต้นจากความเบียวกล้ามของเด็กน้อย แล้วก็มีหนังสือพัฒนาตนเอง,คำพวกนี้มันมาจากสังคมคุณภาพอย่าง Tiktok ของเรานั้นเองอย่าง ซิกม่า จ่าฟูง เริ่มต้นจากความเบียวกล้ามของเด็กน้อย แล้วก็มีหนังสือพัฒนาตนเอง,2025-10-11 21:42:43
UgwHziAdGZDScUFk6op4AaABAg,youtube,video,https://www.youtube.com/watch?v=bQoVZe4Ohbo,comment,2025-04-12 00:00:00,yt-dlp,รักแอมเบอร์ อยากโดนขี้ใส่สักครั้งในชีวิต,รักแอมเบอร์ อยากโดนขี้ใส่สักครั้งในชีวิต,2025-10-11 21:42:43
UgxDFUrrHUmYd2VCBjp4AaABAg,youtube,video,https://www.youtube.com/watch?v=bQoVZe4Ohbo,comment,2025-04-12 00:00:00,yt-dlp,#เสื้อขาวชายแทร่,#เสื้อขาวชายแทร่,2025-10-11 21:42:43
UgzASGAYQEU9R8O5RaZ4AaABAg,youtube,video,https://www.youtube.com/watch?v=bQoVZe4Ohbo,comment,2025-04-12 00:00:00,yt-dlp,บอทแทร่ๆนะอันนี้🤖,บอทแทร่ๆนะอันนี้🤖,2025-10-11 21:42:43
Ugzl1zckRsPu_uL9CRh4AaABAg,youtube,video,https://www.youtube.com/watch?v=bQoVZe4Ohbo,comment,2025-04-12 00:00:00,yt-dlp,ในช่องแชทพี่บ่วงชายแทร่เยอะไหมครับ,ในช่องแชทพี่บ่วงชายแทร่เยอะไหมครับ,2025-10-11 21:42:43
Ugzl1zckRsPu_uL9CRh4AaABAg.AGEauEMk9uSAGEhOiWvkc0,youtube,video,https://www.youtube.com/watch?v=bQoVZe4Ohbo,comment,2025-04-12 00:00:00,yt-dlp,ไม่รู้ฮะ แต่ที่แน่ๆ หมาแมวเยอะแน่ครับ5555+,ไม่รู้ฮะ แต่ที่แน่ๆ หมาแมวเยอะแน่ครับ5555+,2025-10-11 21:42:43
Ugzl1zckRsPu_uL9CRh4AaABAg.AGEauEMk9uSAGEhpCVQcNB,youtube,video,https://www.youtube.com/watch?v=bQoVZe4Ohbo,comment,2025-04-12 00:00:00,yt-dlp,ไม่เยอะครับ แต่ชายเป็นใหญ่,ไม่เยอะครับ แต่ชายเป็นใหญ่,2025-10-11 21:42:43
Ugzl1zckRsPu_uL9CRh4AaABAg.AGEauEMk9uSAGEzB4Ri2Mg,youtube,video,https://www.youtube.com/watch?v=bQoVZe4Ohbo,comment,2025-04-12 00:00:00,yt-dlp,ไม่แน่ใจนะ แต่เหมือนจะมีผู้โดยสารเยอะอยู่,ไม่แน่ใจนะ แต่เหมือนจะมีผู้โดยสารเยอะอยู่,2025-10-11 21:42:43
Ugz0uN5qRoin90jaOdZ4AaABAg,youtube,video,https://www.youtube.com/watch?v=bQoVZe4Ohbo,comment,2025-04-12 00:00:00,yt-dlp,บอทเพียบบบบ,บอทเพียบบบบ,2025-10-11 21:42:43
Ugy8Ou_wn52YSZXQC0N4AaABAg,youtube,video,https://www.youtube.com/watch?v=bQoVZe4Ohbo,comment,2025-04-12 00:00:00,yt-dlp,พี่บ่วง บิดแท้ ครับ🤣🤣🤣,พี่บ่วง บิดแท้ ครับ🤣🤣🤣,2025-10-11 21:42:43
Ugy8Ou_wn52YSZXQC0N4AaABAg.AGEXxkM7PC5AGEb0rg5XZR,youtube,video,https://www.youtube.com/watch?v=bQoVZe4Ohbo,comment,2025-04-12 00:00:00,yt-dlp,คมๆคนหิวโด😂,คมๆคนหิวโด😂,2025-10-11 21:42:43
Ugy8Ou_wn52YSZXQC0N4AaABAg.AGEXxkM7PC5AGEejagyUUM,youtube,video,https://www.youtube.com/watch?v=bQoVZe4Ohbo,comment,2025-04-12 00:00:00,yt-dlp,สาย1นาที=บิด เรียบร้อย,สาย1นาที=บิด เรียบร้อย,2025-10-11 21:42:43
Ugy8Ou_wn52YSZXQC0N4AaABAg.AGEXxkM7PC5AGQAJmgY8zy,youtube,video,https://www.youtube.com/watch?v=bQoVZe4Ohbo,comment,2025-04-12 00:00:00,yt-dlp,อันนี้ fact นะ,อันนี้ fact นะ,2025-10-11 21:42:43
Ugx-MiI1BWP_tyXGlUN4AaABAg,youtube,video,https://www.youtube.com/watch?v=bQoVZe4Ohbo,comment,2025-04-12 00:00:00,yt-dlp,บอทเต็มเลยครับบบ,บอทเต็มเลยครับบบ,2025-10-11 21:42:43
